date,BCI
1999-Mar-01,1000 
1999-Mar-02,1009 
1999-Mar-03,1014 
1999-Mar-04,1013 
1999-Mar-05,1005 
1999-Mar-08,1006 
1999-Mar-09,1016 
1999-Mar-10,1016 
1999-Mar-11,1020 
1999-Mar-12,1025 
1999-Mar-15,1029 
1999-Mar-16,1032 
1999-Mar-17,1036 
1999-Mar-18,1049 
1999-Mar-19,1055 
1999-Mar-22,1069 
1999-Mar-23,1055 
1999-Mar-24,1053 
1999-Mar-25,1051 
1999-Mar-26,1040 
1999-Mar-29,1035 
1999-Mar-30,1026 
1999-Mar-31,1023 
1999-Apr-01,1012 
1999-Apr-06,1001 
1999-Apr-07,982 
1999-Apr-08,954 
1999-Apr-09,941 
1999-Apr-12,923 
1999-Apr-13,903 
1999-Apr-14,896 
1999-Apr-15,896 
1999-Apr-16,895 
1999-Apr-19,894 
1999-Apr-20,894 
1999-Apr-21,896 
1999-Apr-22,899 
1999-Apr-23,905 
1999-Apr-26,909 
1999-Apr-27,913 
1999-Apr-28,924 
1999-Apr-29,928 
1999-Apr-30,940 
1999-May-04,947 
1999-May-05,960 
1999-May-06,969 
1999-May-07,981 
1999-May-10,986 
1999-May-11,988 
1999-May-12,989 
1999-May-13,992 
1999-May-14,995 
1999-May-17,995 
1999-May-18,993 
1999-May-19,986 
1999-May-20,979 
1999-May-21,970 
1999-May-24,962 
1999-May-25,955 
1999-May-26,944 
1999-May-27,930 
1999-May-28,922 
1999-Jun-01,914 
1999-Jun-02,909 
1999-Jun-03,903 
1999-Jun-04,898 
1999-Jun-07,893 
1999-Jun-08,889 
1999-Jun-09,885 
1999-Jun-10,883 
1999-Jun-11,880 
1999-Jun-14,874 
1999-Jun-15,869 
1999-Jun-16,866 
1999-Jun-17,858 
1999-Jun-18,855 
1999-Jun-21,851 
1999-Jun-22,849 
1999-Jun-23,847 
1999-Jun-24,843 
1999-Jun-25,842 
1999-Jun-28,839 
1999-Jun-29,835 
1999-Jun-30,833 
1999-Jul-01,831 
1999-Jul-02,833 
1999-Jul-05,837 
1999-Jul-06,847 
1999-Jul-07,862 
1999-Jul-08,879 
1999-Jul-09,905 
1999-Jul-12,933 
1999-Jul-13,959 
1999-Jul-14,982 
1999-Jul-15,988 
1999-Jul-16,994 
1999-Jul-19,996 
1999-Jul-20,989 
1999-Jul-21,979 
1999-Jul-22,970 
1999-Jul-23,958 
1999-Jul-26,953 
1999-Jul-27,950 
1999-Jul-28,953 
1999-Jul-29,954 
1999-Jul-30,956 
1999-Aug-02,956 
1999-Aug-03,956 
1999-Aug-04,958 
1999-Aug-05,960 
1999-Aug-06,980 
1999-Aug-09,992 
1999-Aug-10,1006 
1999-Aug-11,1027 
1999-Aug-12,1076 
1999-Aug-13,1100 
1999-Aug-16,1112 
1999-Aug-17,1121 
1999-Aug-18,1135 
1999-Aug-19,1141 
1999-Aug-20,1143 
1999-Aug-23,1138 
1999-Aug-24,1131 
1999-Aug-25,1139 
1999-Aug-26,1152 
1999-Aug-27,1176 
1999-Aug-31,1191 
1999-Sep-01,1210 
1999-Sep-02,1229 
1999-Sep-03,1246 
1999-Sep-06,1272 
1999-Sep-07,1300 
1999-Sep-08,1336 
1999-Sep-09,1360 
1999-Sep-10,1371 
1999-Sep-13,1375 
1999-Sep-14,1377 
1999-Sep-15,1390 
1999-Sep-16,1390 
1999-Sep-17,1391 
1999-Sep-20,1392 
1999-Sep-21,1394 
1999-Sep-22,1398 
1999-Sep-23,1408 
1999-Sep-24,1410 
1999-Sep-27,1411 
1999-Sep-28,1405 
1999-Sep-29,1412 
1999-Sep-30,1426 
1999-Oct-01,1440 
1999-Oct-04,1448 
1999-Oct-05,1469 
1999-Oct-06,1508 
1999-Oct-07,1566 
1999-Oct-08,1677 
1999-Oct-11,1722 
1999-Oct-12,1753 
1999-Oct-13,1789 
1999-Oct-14,1843 
1999-Oct-15,1863 
1999-Oct-18,1885 
1999-Oct-19,1897 
1999-Oct-20,1901 
1999-Oct-21,1899 
1999-Oct-22,1883 
1999-Oct-25,1870 
1999-Oct-26,1865 
1999-Oct-27,1856 
1999-Oct-28,1837 
1999-Oct-29,1809 
1999-Nov-01,1777 
1999-Nov-02,1755 
1999-Nov-03,1739 
1999-Nov-04,1709 
1999-Nov-05,1692 
1999-Nov-08,1686 
1999-Nov-09,1683 
1999-Nov-10,1685 
1999-Nov-11,1705 
1999-Nov-12,1728 
1999-Nov-15,1739 
1999-Nov-16,1749 
1999-Nov-17,1767 
1999-Nov-18,1786 
1999-Nov-19,1805 
1999-Nov-22,1817 
1999-Nov-23,1825 
1999-Nov-24,1833 
1999-Nov-25,1844 
1999-Nov-26,1851 
1999-Nov-29,1855 
1999-Nov-30,1854 
1999-Dec-01,1847 
1999-Dec-02,1845 
1999-Dec-03,1845 
1999-Dec-06,1846 
1999-Dec-07,1852 
1999-Dec-08,1865 
1999-Dec-09,1881 
1999-Dec-10,1895 
1999-Dec-13,1896 
1999-Dec-14,1901 
1999-Dec-15,1900 
1999-Dec-16,1890 
1999-Dec-17,1877 
1999-Dec-20,1857 
1999-Dec-21,1847 
1999-Dec-22,1832 
1999-Dec-23,1824 
1999-Dec-24,1813 
2000-Jan-04,1782 
2000-Jan-05,1772 
2000-Jan-06,1776 
2000-Jan-07,1777 
2000-Jan-10,1770 
2000-Jan-11,1760 
2000-Jan-12,1748 
2000-Jan-13,1735 
2000-Jan-14,1721 
2000-Jan-17,1712 
2000-Jan-18,1708 
2000-Jan-19,1703 
2000-Jan-20,1695 
2000-Jan-21,1693 
2000-Jan-24,1693 
2000-Jan-25,1689 
2000-Jan-26,1672 
2000-Jan-27,1651 
2000-Jan-28,1635 
2000-Jan-31,1625 
2000-Feb-01,1619 
2000-Feb-02,1613 
2000-Feb-03,1608 
2000-Feb-04,1604 
2000-Feb-07,1602 
2000-Feb-08,1611 
2000-Feb-09,1653 
2000-Feb-10,1703 
2000-Feb-11,1767 
2000-Feb-14,1807 
2000-Feb-15,1855 
2000-Feb-16,1898 
2000-Feb-17,1935 
2000-Feb-18,1967 
2000-Feb-21,1992 
2000-Feb-22,2028 
2000-Feb-23,2055 
2000-Feb-24,2072 
2000-Feb-25,2090 
2000-Feb-28,2106 
2000-Feb-29,2118 
2000-Mar-01,2140 
2000-Mar-02,2154 
2000-Mar-03,2176 
2000-Mar-06,2186 
2000-Mar-07,2196 
2000-Mar-08,2208 
2000-Mar-09,2224 
2000-Mar-10,2235 
2000-Mar-13,2237 
2000-Mar-14,2241 
2000-Mar-15,2247 
2000-Mar-16,2251 
2000-Mar-17,2252 
2000-Mar-20,2248 
2000-Mar-21,2240 
2000-Mar-22,2231 
2000-Mar-23,2221 
2000-Mar-24,2207 
2000-Mar-27,2207 
2000-Mar-28,2211 
2000-Mar-29,2235 
2000-Mar-30,2258 
2000-Mar-31,2275 
2000-Apr-03,2293 
2000-Apr-04,2313 
2000-Apr-05,2329 
2000-Apr-06,2345 
2000-Apr-07,2357 
2000-Apr-10,2369 
2000-Apr-11,2369 
2000-Apr-12,2354 
2000-Apr-13,2342 
2000-Apr-14,2326 
2000-Apr-17,2315 
2000-Apr-18,2304 
2000-Apr-19,2281 
2000-Apr-20,2272 
2000-Apr-25,2258 
2000-Apr-26,2251 
2000-Apr-27,2241 
2000-Apr-28,2230 
2000-May-02,2218 
2000-May-03,2201 
2000-May-04,2188 
2000-May-05,2185 
2000-May-08,2177 
2000-May-09,2171 
2000-May-10,2171 
2000-May-11,2170 
2000-May-12,2167 
2000-May-15,2160 
2000-May-16,2151 
2000-May-17,2142 
2000-May-18,2134 
2000-May-19,2122 
2000-May-22,2112 
2000-May-23,2089 
2000-May-24,2068 
2000-May-25,2050 
2000-May-26,2036 
2000-May-30,2023 
2000-May-31,2014 
2000-Jun-01,2007 
2000-Jun-02,2006 
2000-Jun-05,2002 
2000-Jun-06,1995 
2000-Jun-07,1992 
2000-Jun-08,1988 
2000-Jun-09,1986 
2000-Jun-12,1986 
2000-Jun-13,1988 
2000-Jun-14,1990 
2000-Jun-15,2005 
2000-Jun-16,2027 
2000-Jun-19,2045 
2000-Jun-20,2065 
2000-Jun-21,2103 
2000-Jun-22,2131 
2000-Jun-23,2145 
2000-Jun-26,2152 
2000-Jun-27,2155 
2000-Jun-28,2155 
2000-Jun-29,2154 
2000-Jun-30,2150 
2000-Jul-03,2143 
2000-Jul-04,2133 
2000-Jul-05,2125 
2000-Jul-06,2124 
2000-Jul-07,2119 
2000-Jul-10,2119 
2000-Jul-11,2118 
2000-Jul-12,2122 
2000-Jul-13,2129 
2000-Jul-14,2137 
2000-Jul-17,2142 
2000-Jul-18,2143 
2000-Jul-19,2145 
2000-Jul-20,2148 
2000-Jul-21,2149 
2000-Jul-24,2153 
2000-Jul-25,2157 
2000-Jul-26,2160 
2000-Jul-27,2168 
2000-Jul-28,2184 
2000-Jul-31,2207 
2000-Aug-01,2221 
2000-Aug-02,2228 
2000-Aug-03,2239 
2000-Aug-04,2250 
2000-Aug-07,2255 
2000-Aug-08,2257 
2000-Aug-09,2253 
2000-Aug-10,2252 
2000-Aug-11,2250 
2000-Aug-14,2246 
2000-Aug-15,2239 
2000-Aug-16,2235 
2000-Aug-17,2230 
2000-Aug-18,2221 
2000-Aug-21,2215 
2000-Aug-22,2205 
2000-Aug-23,2200 
2000-Aug-24,2198 
2000-Aug-25,2197 
2000-Aug-29,2197 
2000-Aug-30,2201 
2000-Aug-31,2216 
2000-Sep-01,2229 
2000-Sep-04,2232 
2000-Sep-05,2239 
2000-Sep-06,2249 
2000-Sep-07,2286 
2000-Sep-08,2300 
2000-Sep-11,2309 
2000-Sep-12,2311 
2000-Sep-13,2311 
2000-Sep-14,2313 
2000-Sep-15,2314 
2000-Sep-18,2323 
2000-Sep-19,2334 
2000-Sep-20,2349 
2000-Sep-21,2364 
2000-Sep-22,2375 
2000-Sep-25,2385 
2000-Sep-26,2393 
2000-Sep-27,2403 
2000-Sep-28,2415 
2000-Sep-29,2424 
2000-Oct-02,2426 
2000-Oct-03,2419 
2000-Oct-04,2418 
2000-Oct-05,2417 
2000-Oct-06,2416 
2000-Oct-09,2414 
2000-Oct-10,2419 
2000-Oct-11,2424 
2000-Oct-12,2429 
2000-Oct-13,2437 
2000-Oct-16,2443 
2000-Oct-17,2449 
2000-Oct-18,2460 
2000-Oct-19,2470 
2000-Oct-20,2474 
2000-Oct-23,2477 
2000-Oct-24,2480 
2000-Oct-25,2486 
2000-Oct-26,2493 
2000-Oct-27,2504 
2000-Oct-30,2510 
2000-Oct-31,2518 
2000-Nov-01,2521 
2000-Nov-02,2537 
2000-Nov-03,2547 
2000-Nov-06,2551 
2000-Nov-07,2556 
2000-Nov-08,2557 
2000-Nov-09,2553 
2000-Nov-10,2550 
2000-Nov-13,2545 
2000-Nov-14,2535 
2000-Nov-15,2521 
2000-Nov-16,2514 
2000-Nov-17,2511 
2000-Nov-20,2512 
2000-Nov-21,2504 
2000-Nov-22,2498 
2000-Nov-23,2494 
2000-Nov-24,2492 
2000-Nov-27,2490 
2000-Nov-28,2482 
2000-Nov-29,2472 
2000-Nov-30,2464 
2000-Dec-01,2453 
2000-Dec-04,2438 
2000-Dec-05,2415 
2000-Dec-06,2399 
2000-Dec-07,2382 
2000-Dec-08,2349 
2000-Dec-11,2327 
2000-Dec-12,2274 
2000-Dec-13,2234 
2000-Dec-14,2210 
2000-Dec-15,2202 
2000-Dec-18,2198 
2000-Dec-19,2200 
2000-Dec-20,2199 
2000-Dec-21,2197 
2000-Dec-22,2199 
2000-Dec-27,2195 
2000-Dec-28,2191 
2000-Dec-29,2186 
2001-Jan-02,2186 
2001-Jan-03,2182 
2001-Jan-04,2173 
2001-Jan-05,2166 
2001-Jan-08,2164 
2001-Jan-09,2165 
2001-Jan-10,2162 
2001-Jan-11,2150 
2001-Jan-12,2136 
2001-Jan-15,2127 
2001-Jan-16,2117 
2001-Jan-17,2092 
2001-Jan-18,2067 
2001-Jan-19,2055 
2001-Jan-22,2035 
2001-Jan-23,2018 
2001-Jan-24,1991 
2001-Jan-25,1975 
2001-Jan-26,1953 
2001-Jan-29,1939 
2001-Jan-30,1920 
2001-Jan-31,1896 
2001-Feb-01,1874 
2001-Feb-02,1863 
2001-Feb-05,1851 
2001-Feb-06,1838 
2001-Feb-07,1830 
2001-Feb-08,1830 
2001-Feb-09,1828 
2001-Feb-12,1829 
2001-Feb-13,1833 
2001-Feb-14,1837 
2001-Feb-15,1852 
2001-Feb-16,1863 
2001-Feb-19,1872 
2001-Feb-20,1880 
2001-Feb-21,1902 
2001-Feb-22,1924 
2001-Feb-23,1940 
2001-Feb-26,1960 
2001-Feb-27,1976 
2001-Feb-28,1985 
2001-Mar-01,1981 
2001-Mar-02,1975 
2001-Mar-05,1971 
2001-Mar-06,1941 
2001-Mar-07,1913 
2001-Mar-08,1874 
2001-Mar-09,1831 
2001-Mar-12,1813 
2001-Mar-13,1801 
2001-Mar-14,1809 
2001-Mar-15,1816 
2001-Mar-16,1817 
2001-Mar-19,1816 
2001-Mar-20,1812 
2001-Mar-21,1810 
2001-Mar-22,1803 
2001-Mar-23,1795 
2001-Mar-26,1788 
2001-Mar-27,1779 
2001-Mar-28,1761 
2001-Mar-29,1744 
2001-Mar-30,1727 
2001-Apr-02,1718 
2001-Apr-03,1713 
2001-Apr-04,1709 
2001-Apr-05,1709 
2001-Apr-06,1711 
2001-Apr-09,1710 
2001-Apr-10,1709 
2001-Apr-11,1706 
2001-Apr-12,1702 
2001-Apr-17,1705 
2001-Apr-18,1714 
2001-Apr-19,1733 
2001-Apr-20,1754 
2001-Apr-23,1780 
2001-Apr-24,1789 
2001-Apr-25,1808 
2001-Apr-26,1819 
2001-Apr-27,1825 
2001-Apr-30,1827 
2001-May-01,1817 
2001-May-02,1815 
2001-May-03,1813 
2001-May-04,1809 
2001-May-08,1803 
2001-May-09,1804 
2001-May-10,1810 
2001-May-11,1813 
2001-May-14,1814 
2001-May-15,1810 
2001-May-16,1801 
2001-May-17,1793 
2001-May-18,1788 
2001-May-21,1786 
2001-May-22,1781 
2001-May-23,1775 
2001-May-24,1768 
2001-May-25,1767 
2001-May-29,1762 
2001-May-30,1754 
2001-May-31,1749 
2001-Jun-01,1744 
2001-Jun-04,1737 
2001-Jun-05,1735 
2001-Jun-06,1734 
2001-Jun-07,1732 
2001-Jun-08,1737 
2001-Jun-11,1743 
2001-Jun-12,1753 
2001-Jun-13,1761 
2001-Jun-14,1766 
2001-Jun-15,1769 
2001-Jun-18,1771 
2001-Jun-19,1770 
2001-Jun-20,1768 
2001-Jun-21,1761 
2001-Jun-22,1755 
2001-Jun-25,1753 
2001-Jun-26,1751 
2001-Jun-27,1749 
2001-Jun-28,1747 
2001-Jun-29,1745 
2001-Jul-02,1743 
2001-Jul-03,1738 
2001-Jul-04,1724 
2001-Jul-05,1712 
2001-Jul-06,1692 
2001-Jul-09,1680 
2001-Jul-10,1644 
2001-Jul-11,1610 
2001-Jul-12,1584 
2001-Jul-13,1550 
2001-Jul-16,1485 
2001-Jul-17,1431 
2001-Jul-18,1380 
2001-Jul-19,1337 
2001-Jul-20,1302 
2001-Jul-23,1285 
2001-Jul-24,1277 
2001-Jul-25,1257 
2001-Jul-26,1238 
2001-Jul-27,1213 
2001-Jul-30,1197 
2001-Jul-31,1186 
2001-Aug-01,1181 
2001-Aug-02,1178 
2001-Aug-03,1193 
2001-Aug-06,1194 
2001-Aug-07,1193 
2001-Aug-08,1190 
2001-Aug-09,1185 
2001-Aug-10,1176 
2001-Aug-13,1165 
2001-Aug-14,1152 
2001-Aug-15,1115 
2001-Aug-16,1102 
2001-Aug-17,1100 
2001-Aug-20,1087 
2001-Aug-21,1075 
2001-Aug-22,1058 
2001-Aug-23,1042 
2001-Aug-24,1025 
2001-Aug-28,1007 
2001-Aug-29,991 
2001-Aug-30,977 
2001-Aug-31,961 
2001-Sep-03,942 
2001-Sep-04,929 
2001-Sep-05,912 
2001-Sep-06,903 
2001-Sep-07,900 
2001-Sep-10,898 
2001-Sep-11,909 
2001-Sep-12,934 
2001-Sep-13,956 
2001-Sep-14,990 
2001-Sep-17,1037 
2001-Sep-18,1106 
2001-Sep-19,1138 
2001-Sep-20,1157 
2001-Sep-21,1165 
2001-Sep-24,1169 
2001-Sep-25,1169 
2001-Sep-26,1162 
2001-Sep-27,1136 
2001-Sep-28,1102 
2001-Oct-01,1076 
2001-Oct-02,1048 
2001-Oct-03,1031 
2001-Oct-04,1015 
2001-Oct-05,998 
2001-Oct-08,985 
2001-Oct-09,979 
2001-Oct-10,978 
2001-Oct-11,981 
2001-Oct-12,996 
2001-Oct-15,1009 
2001-Oct-16,1021 
2001-Oct-17,1033 
2001-Oct-18,1040 
2001-Oct-19,1045 
2001-Oct-22,1043 
2001-Oct-23,1037 
2001-Oct-24,1028 
2001-Oct-25,1019 
2001-Oct-26,1006 
2001-Oct-29,996 
2001-Oct-30,982 
2001-Oct-31,970 
2001-Nov-01,956 
2001-Nov-02,949 
2001-Nov-05,944 
2001-Nov-06,937 
2001-Nov-07,933 
2001-Nov-08,932 
2001-Nov-09,932 
2001-Nov-12,938 
2001-Nov-13,947 
2001-Nov-14,960 
2001-Nov-15,969 
2001-Nov-16,978 
2001-Nov-19,990 
2001-Nov-20,995 
2001-Nov-21,996 
2001-Nov-22,992 
2001-Nov-23,990 
2001-Nov-26,988 
2001-Nov-27,988 
2001-Nov-28,987 
2001-Nov-29,984 
2001-Nov-30,981 
2001-Dec-03,979 
2001-Dec-04,977 
2001-Dec-05,979 
2001-Dec-06,982 
2001-Dec-07,983 
2001-Dec-10,988 
2001-Dec-11,989 
2001-Dec-12,992 
2001-Dec-13,991 
2001-Dec-14,986 
2001-Dec-17,982 
2001-Dec-18,977 
2001-Dec-19,976 
2001-Dec-20,978 
2001-Dec-21,976 
2001-Dec-27,976 
2001-Dec-28,980 
2002-Jan-02,991 
2002-Jan-03,1003 
2002-Jan-04,1013 
2002-Jan-07,1022 
2002-Jan-08,1028 
2002-Jan-09,1035 
2002-Jan-10,1040 
2002-Jan-11,1041 
2002-Jan-14,1044 
2002-Jan-15,1052 
2002-Jan-16,1065 
2002-Jan-17,1076 
2002-Jan-18,1080 
2002-Jan-21,1081 
2002-Jan-22,1081 
2002-Jan-23,1079 
2002-Jan-24,1074 
2002-Jan-25,1069 
2002-Jan-28,1065 
2002-Jan-29,1059 
2002-Jan-30,1055 
2002-Jan-31,1059 
2002-Feb-01,1065 
2002-Feb-04,1076 
2002-Feb-05,1086 
2002-Feb-06,1098 
2002-Feb-07,1112 
2002-Feb-08,1121 
2002-Feb-11,1128 
2002-Feb-12,1135 
2002-Feb-13,1139 
2002-Feb-14,1146 
2002-Feb-15,1152 
2002-Feb-18,1163 
2002-Feb-19,1176 
2002-Feb-20,1195 
2002-Feb-21,1225 
2002-Feb-22,1261 
2002-Feb-25,1281 
2002-Feb-26,1300 
2002-Feb-27,1311 
2002-Feb-28,1321 
2002-Mar-01,1329 
2002-Mar-04,1333 
2002-Mar-05,1338 
2002-Mar-06,1343 
2002-Mar-07,1334 
2002-Mar-08,1327 
2002-Mar-11,1321 
2002-Mar-12,1317 
2002-Mar-13,1316 
2002-Mar-14,1319 
2002-Mar-15,1328 
2002-Mar-18,1335 
2002-Mar-19,1343 
2002-Mar-20,1348 
2002-Mar-21,1360 
2002-Mar-22,1372 
2002-Mar-25,1381 
2002-Mar-26,1386 
2002-Mar-27,1392 
2002-Mar-28,1396 
2002-Apr-02,1399 
2002-Apr-03,1403 
2002-Apr-04,1402 
2002-Apr-05,1397 
2002-Apr-08,1394 
2002-Apr-09,1394 
2002-Apr-10,1391 
2002-Apr-11,1384 
2002-Apr-12,1377 
2002-Apr-15,1373 
2002-Apr-16,1366 
2002-Apr-17,1357 
2002-Apr-18,1340 
2002-Apr-19,1314 
2002-Apr-22,1293 
2002-Apr-23,1278 
2002-Apr-24,1265 
2002-Apr-25,1245 
2002-Apr-26,1225 
2002-Apr-29,1206 
2002-Apr-30,1192 
2002-May-01,1175 
2002-May-02,1169 
2002-May-03,1164 
2002-May-07,1159 
2002-May-08,1161 
2002-May-09,1165 
2002-May-10,1169 
2002-May-13,1169 
2002-May-14,1169 
2002-May-15,1164 
2002-May-16,1154 
2002-May-17,1148 
2002-May-20,1146 
2002-May-21,1144 
2002-May-22,1144 
2002-May-23,1150 
2002-May-24,1157 
2002-May-27,1166 
2002-May-28,1179 
2002-May-29,1199 
2002-May-30,1219 
2002-May-31,1231 
2002-Jun-05,1224 
2002-Jun-06,1214 
2002-Jun-07,1208 
2002-Jun-10,1202 
2002-Jun-11,1193 
2002-Jun-12,1178 
2002-Jun-13,1159 
2002-Jun-14,1152 
2002-Jun-17,1146 
2002-Jun-18,1142 
2002-Jun-19,1141 
2002-Jun-20,1146 
2002-Jun-21,1147 
2002-Jun-24,1150 
2002-Jun-25,1151 
2002-Jun-26,1153 
2002-Jun-27,1154 
2002-Jun-28,1156 
2002-Jul-01,1156 
2002-Jul-02,1155 
2002-Jul-03,1156 
2002-Jul-04,1158 
2002-Jul-05,1158 
2002-Jul-08,1161 
2002-Jul-09,1163 
2002-Jul-10,1163 
2002-Jul-11,1157 
2002-Jul-12,1154 
2002-Jul-15,1150 
2002-Jul-16,1146 
2002-Jul-17,1141 
2002-Jul-18,1127 
2002-Jul-19,1120 
2002-Jul-22,1111 
2002-Jul-23,1100 
2002-Jul-24,1086 
2002-Jul-25,1082 
2002-Jul-26,1081 
2002-Jul-29,1080 
2002-Jul-30,1077 
2002-Jul-31,1080 
2002-Aug-01,1081 
2002-Aug-02,1083 
2002-Aug-05,1085 
2002-Aug-06,1091 
2002-Aug-07,1098 
2002-Aug-08,1114 
2002-Aug-09,1131 
2002-Aug-12,1146 
2002-Aug-13,1161 
2002-Aug-14,1173 
2002-Aug-15,1183 
2002-Aug-16,1185 
2002-Aug-19,1180 
2002-Aug-20,1175 
2002-Aug-21,1170 
2002-Aug-22,1173 
2002-Aug-23,1180 
2002-Aug-27,1183 
2002-Aug-28,1185 
2002-Aug-29,1191 
2002-Aug-30,1201 
2002-Sep-02,1205 
2002-Sep-03,1210 
2002-Sep-04,1221 
2002-Sep-05,1246 
2002-Sep-06,1283 
2002-Sep-09,1313 
2002-Sep-10,1360 
2002-Sep-11,1397 
2002-Sep-12,1426 
2002-Sep-13,1450 
2002-Sep-16,1462 
2002-Sep-17,1473 
2002-Sep-18,1493 
2002-Sep-19,1517 
2002-Sep-20,1536 
2002-Sep-23,1560 
2002-Sep-24,1591 
2002-Sep-25,1650 
2002-Sep-26,1715 
2002-Sep-27,1758 
2002-Sep-30,1793 
2002-Oct-01,1801 
2002-Oct-02,1799 
2002-Oct-03,1788 
2002-Oct-04,1783 
2002-Oct-07,1775 
2002-Oct-08,1765 
2002-Oct-09,1763 
2002-Oct-10,1761 
2002-Oct-11,1756 
2002-Oct-14,1748 
2002-Oct-15,1739 
2002-Oct-16,1734 
2002-Oct-17,1734 
2002-Oct-18,1740 
2002-Oct-21,1746 
2002-Oct-22,1753 
2002-Oct-23,1768 
2002-Oct-24,1789 
2002-Oct-25,1807 
2002-Oct-28,1817 
2002-Oct-29,1825 
2002-Oct-30,1825 
2002-Oct-31,1839 
2002-Nov-01,1863 
2002-Nov-04,1868 
2002-Nov-05,1876 
2002-Nov-06,1885 
2002-Nov-07,1890 
2002-Nov-08,1889 
2002-Nov-11,1885 
2002-Nov-12,1880 
2002-Nov-13,1874 
2002-Nov-14,1868 
2002-Nov-15,1864 
2002-Nov-18,1856 
2002-Nov-19,1848 
2002-Nov-20,1843 
2002-Nov-21,1843 
2002-Nov-22,1850 
2002-Nov-25,1861 
2002-Nov-26,1904 
2002-Nov-27,1950 
2002-Nov-28,1999 
2002-Nov-29,2035 
2002-Dec-02,2056 
2002-Dec-03,2059 
2002-Dec-04,2064 
2002-Dec-05,2078 
2002-Dec-06,2088 
2002-Dec-09,2112 
2002-Dec-10,2141 
2002-Dec-11,2169 
2002-Dec-12,2195 
2002-Dec-13,2258 
2002-Dec-16,2295 
2002-Dec-17,2320 
2002-Dec-18,2354 
2002-Dec-19,2372 
2002-Dec-20,2375 
2002-Dec-23,2381 
2002-Dec-24,2380 
2003-Jan-02,2393 
2003-Jan-03,2411 
2003-Jan-06,2426 
2003-Jan-07,2432 
2003-Jan-08,2432 
2003-Jan-09,2431 
2003-Jan-10,2418 
2003-Jan-13,2408 
2003-Jan-14,2376 
2003-Jan-15,2342 
2003-Jan-16,2285 
2003-Jan-17,2244 
2003-Jan-20,2226 
2003-Jan-21,2218 
2003-Jan-22,2199 
2003-Jan-23,2175 
2003-Jan-24,2161 
2003-Jan-27,2144 
2003-Jan-28,2121 
2003-Jan-29,2086 
2003-Jan-30,2062 
2003-Jan-31,2037 
2003-Feb-03,2025 
2003-Feb-04,2016 
2003-Feb-05,2017 
2003-Feb-06,2025 
2003-Feb-07,2059 
2003-Feb-10,2090 
2003-Feb-11,2136 
2003-Feb-12,2176 
2003-Feb-13,2234 
2003-Feb-14,2275 
2003-Feb-17,2335 
2003-Feb-18,2385 
2003-Feb-19,2437 
2003-Feb-20,2472 
2003-Feb-21,2492 
2003-Feb-24,2502 
2003-Feb-25,2508 
2003-Feb-26,2505 
2003-Feb-27,2493 
2003-Feb-28,2485 
2003-Mar-03,2474 
2003-Mar-04,2450 
2003-Mar-05,2440 
2003-Mar-06,2433 
2003-Mar-07,2431 
2003-Mar-10,2430 
2003-Mar-11,2429 
2003-Mar-12,2433 
2003-Mar-13,2459 
2003-Mar-14,2502 
2003-Mar-17,2548 
2003-Mar-18,2573 
2003-Mar-19,2600 
2003-Mar-20,2629 
2003-Mar-21,2651 
2003-Mar-24,2662 
2003-Mar-25,2660 
2003-Mar-26,2646 
2003-Mar-27,2630 
2003-Mar-28,2621 
2003-Mar-31,2609 
2003-Apr-01,2608 
2003-Apr-02,2634 
2003-Apr-03,2660 
2003-Apr-04,2683 
2003-Apr-07,2695 
2003-Apr-08,2699 
2003-Apr-09,2704 
2003-Apr-10,2711 
2003-Apr-11,2718 
2003-Apr-14,2725 
2003-Apr-15,2722 
2003-Apr-16,2721 
2003-Apr-17,2725 
2003-Apr-22,2734 
2003-Apr-23,2756 
2003-Apr-24,2773 
2003-Apr-25,2781 
2003-Apr-28,2790 
2003-Apr-29,2795 
2003-Apr-30,2797 
2003-May-01,2797 
2003-May-02,2810 
2003-May-06,2818 
2003-May-07,2829 
2003-May-08,2860 
2003-May-09,2886 
2003-May-12,2906 
2003-May-13,2937 
2003-May-14,2964 
2003-May-15,3008 
2003-May-16,3083 
2003-May-19,3135 
2003-May-20,3155 
2003-May-21,3145 
2003-May-22,3125 
2003-May-23,3078 
2003-May-27,2989 
2003-May-28,2904 
2003-May-29,2826 
2003-May-30,2792 
2003-Jun-02,2770 
2003-Jun-03,2798 
2003-Jun-04,2834 
2003-Jun-05,2881 
2003-Jun-06,2923 
2003-Jun-09,2942 
2003-Jun-10,2945 
2003-Jun-11,2952 
2003-Jun-12,2957 
2003-Jun-13,2955 
2003-Jun-16,2951 
2003-Jun-17,2942 
2003-Jun-18,2940 
2003-Jun-19,2935 
2003-Jun-20,2929 
2003-Jun-23,2915 
2003-Jun-24,2890 
2003-Jun-25,2866 
2003-Jun-26,2830 
2003-Jun-27,2799 
2003-Jun-30,2772 
2003-Jul-01,2748 
2003-Jul-02,2741 
2003-Jul-03,2738 
2003-Jul-04,2736 
2003-Jul-07,2744 
2003-Jul-08,2767 
2003-Jul-09,2791 
2003-Jul-10,2852 
2003-Jul-11,2909 
2003-Jul-14,2935 
2003-Jul-15,2941 
2003-Jul-16,2930 
2003-Jul-17,2907 
2003-Jul-18,2893 
2003-Jul-21,2881 
2003-Jul-22,2864 
2003-Jul-23,2858 
2003-Jul-24,2869 
2003-Jul-25,2886 
2003-Jul-28,2892 
2003-Jul-29,2897 
2003-Jul-30,2906 
2003-Jul-31,2925 
2003-Aug-01,2948 
2003-Aug-04,2987 
2003-Aug-05,3031 
2003-Aug-06,3096 
2003-Aug-07,3150 
2003-Aug-08,3180 
2003-Aug-11,3198 
2003-Aug-12,3216 
2003-Aug-13,3240 
2003-Aug-14,3265 
2003-Aug-15,3293 
2003-Aug-18,3301 
2003-Aug-19,3301 
2003-Aug-20,3298 
2003-Aug-21,3296 
2003-Aug-22,3288 
2003-Aug-26,3268 
2003-Aug-27,3252 
2003-Aug-28,3228 
2003-Aug-29,3209 
2003-Sep-01,3193 
2003-Sep-02,3188 
2003-Sep-03,3197 
2003-Sep-04,3215 
2003-Sep-05,3266 
2003-Sep-08,3307 
2003-Sep-09,3325 
2003-Sep-10,3366 
2003-Sep-11,3397 
2003-Sep-12,3421 
2003-Sep-15,3447 
2003-Sep-16,3465 
2003-Sep-17,3479 
2003-Sep-18,3503 
2003-Sep-19,3546 
2003-Sep-22,3602 
2003-Sep-23,3655 
2003-Sep-24,3801 
2003-Sep-25,3989 
2003-Sep-26,4117 
2003-Sep-29,4199 
2003-Sep-30,4386 
2003-Oct-01,4608 
2003-Oct-02,4772 
2003-Oct-03,4966 
2003-Oct-06,5147 
2003-Oct-07,5303 
2003-Oct-08,5467 
2003-Oct-09,5763 
2003-Oct-10,6055 
2003-Oct-13,6230 
2003-Oct-14,6408 
2003-Oct-15,6554 
2003-Oct-16,6671 
2003-Oct-17,6770 
2003-Oct-20,6853 
2003-Oct-21,6854 
2003-Oct-22,6825 
2003-Oct-23,6735 
2003-Oct-24,6674 
2003-Oct-27,6650 
2003-Oct-28,6627 
2003-Oct-29,6614 
2003-Oct-30,6638 
2003-Oct-31,6655 
2003-Nov-03,6659 
2003-Nov-04,6656 
2003-Nov-05,6622 
2003-Nov-06,6529 
2003-Nov-07,6493 
2003-Nov-10,6429 
2003-Nov-11,6376 
2003-Nov-12,6308 
2003-Nov-13,6149 
2003-Nov-14,5984 
2003-Nov-17,5909 
2003-Nov-18,5867 
2003-Nov-19,5860 
2003-Nov-20,5895 
2003-Nov-21,5986 
2003-Nov-24,6053 
2003-Nov-25,6142 
2003-Nov-26,6210 
2003-Nov-27,6245 
2003-Nov-28,6249 
2003-Dec-01,6250 
2003-Dec-02,6254 
2003-Dec-03,6268 
2003-Dec-04,6279 
2003-Dec-05,6351 
2003-Dec-08,6397 
2003-Dec-09,6446 
2003-Dec-10,6531 
2003-Dec-11,6602 
2003-Dec-12,6641 
2003-Dec-15,6667 
2003-Dec-16,6682 
2003-Dec-17,6677 
2003-Dec-18,6734 
2003-Dec-19,6807 
2003-Dec-22,6862 
2003-Dec-23,6902 
2003-Dec-24,6911 
2004-Jan-02,6919 
2004-Jan-05,6925 
2004-Jan-06,6953 
2004-Jan-07,7027 
2004-Jan-08,7141 
2004-Jan-09,7349 
2004-Jan-12,7732 
2004-Jan-13,7912 
2004-Jan-14,8030 
2004-Jan-15,8108 
2004-Jan-16,8154 
2004-Jan-19,8147 
2004-Jan-20,8050 
2004-Jan-21,7892 
2004-Jan-22,7775 
2004-Jan-23,7680 
2004-Jan-26,7585 
2004-Jan-27,7497 
2004-Jan-28,7477 
2004-Jan-29,7545 
2004-Jan-30,7682 
2004-Feb-02,7790 
2004-Feb-03,7892 
2004-Feb-04,7947 
2004-Feb-05,7901 
2004-Feb-06,7773 
2004-Feb-09,7607 
2004-Feb-10,7380 
2004-Feb-11,7183 
2004-Feb-12,7036 
2004-Feb-13,6937 
2004-Feb-16,6906 
2004-Feb-17,6900 
2004-Feb-18,6989 
2004-Feb-19,7103 
2004-Feb-20,7173 
2004-Feb-23,7197 
2004-Feb-24,7081 
2004-Feb-25,6866 
2004-Feb-26,6700 
2004-Feb-27,6583 
2004-Mar-01,6459 
2004-Mar-02,6344 
2004-Mar-03,6302 
2004-Mar-04,6382 
2004-Mar-05,6560 
2004-Mar-08,6682 
2004-Mar-09,6729 
2004-Mar-10,6734 
2004-Mar-11,6695 
2004-Mar-12,6586 
2004-Mar-15,6400 
2004-Mar-16,6234 
2004-Mar-17,6095 
2004-Mar-18,5957 
2004-Mar-19,5952 
2004-Mar-22,5964 
2004-Mar-23,5984 
2004-Mar-24,5996 
2004-Mar-25,5979 
2004-Mar-26,5917 
2004-Mar-29,5872 
2004-Mar-30,5805 
2004-Mar-31,5693 
2004-Apr-01,5594 
2004-Apr-02,5508 
2004-Apr-05,5406 
2004-Apr-06,5313 
2004-Apr-07,5274 
2004-Apr-08,5216 
2004-Apr-13,5204 
2004-Apr-14,5276 
2004-Apr-15,5327 
2004-Apr-16,5386 
2004-Apr-19,5463 
2004-Apr-20,5520 
2004-Apr-21,5544 
2004-Apr-22,5571 
2004-Apr-23,5485 
2004-Apr-26,5380 
2004-Apr-27,5235 
2004-Apr-28,5090 
2004-Apr-29,4959 
2004-Apr-30,4844 
2004-May-04,4734 
2004-May-05,4610 
2004-May-06,4561 
2004-May-07,4555 
2004-May-10,4560 
2004-May-11,4499 
2004-May-12,4411 
2004-May-13,4355 
2004-May-14,4294 
2004-May-17,4223 
2004-May-18,4172 
2004-May-19,4128 
2004-May-20,4089 
2004-May-21,4070 
2004-May-24,4059 
2004-May-25,4049 
2004-May-26,4030 
2004-May-27,4066 
2004-May-28,4168 
2004-Jun-01,4247 
2004-Jun-02,4295 
2004-Jun-03,4303 
2004-Jun-04,4260 
2004-Jun-07,4189 
2004-Jun-08,4084 
2004-Jun-09,4008 
2004-Jun-10,3910 
2004-Jun-11,3823 
2004-Jun-14,3771 
2004-Jun-15,3721 
2004-Jun-16,3675 
2004-Jun-17,3641 
2004-Jun-18,3608 
2004-Jun-21,3580 
2004-Jun-22,3575 
2004-Jun-23,3621 
2004-Jun-24,3705 
2004-Jun-25,3824 
2004-Jun-28,3953 
2004-Jun-29,4067 
2004-Jun-30,4190 
2004-Jul-01,4333 
2004-Jul-02,4481 
2004-Jul-05,4572 
2004-Jul-06,4697 
2004-Jul-07,4861 
2004-Jul-08,4992 
2004-Jul-09,5160 
2004-Jul-12,5253 
2004-Jul-13,5293 
2004-Jul-14,5307 
2004-Jul-15,5310 
2004-Jul-16,5296 
2004-Jul-19,5255 
2004-Jul-20,5200 
2004-Jul-21,5145 
2004-Jul-22,5118 
2004-Jul-23,5166 
2004-Jul-26,5213 
2004-Jul-27,5250 
2004-Jul-28,5330 
2004-Jul-29,5481 
2004-Jul-30,5681 
2004-Aug-02,5781 
2004-Aug-03,5963 
2004-Aug-04,6032 
2004-Aug-05,6012 
2004-Aug-06,5959 
2004-Aug-09,5927 
2004-Aug-10,5915 
2004-Aug-11,5951 
2004-Aug-12,5989 
2004-Aug-13,6026 
2004-Aug-16,6043 
2004-Aug-17,6054 
2004-Aug-18,6032 
2004-Aug-19,5985 
2004-Aug-20,5916 
2004-Aug-23,5882 
2004-Aug-24,5883 
2004-Aug-25,5907 
2004-Aug-26,5925 
2004-Aug-27,5919 
2004-Aug-31,5860 
2004-Sep-01,5796 
2004-Sep-02,5685 
2004-Sep-03,5592 
2004-Sep-06,5506 
2004-Sep-07,5503 
2004-Sep-08,5574 
2004-Sep-09,5683 
2004-Sep-10,5779 
2004-Sep-13,5814 
2004-Sep-14,5800 
2004-Sep-15,5776 
2004-Sep-16,5748 
2004-Sep-17,5708 
2004-Sep-20,5689 
2004-Sep-21,5635 
2004-Sep-22,5571 
2004-Sep-23,5400 
2004-Sep-24,5305 
2004-Sep-27,5232 
2004-Sep-28,5208 
2004-Sep-29,5205 
2004-Sep-30,5225 
2004-Oct-01,5243 
2004-Oct-04,5293 
2004-Oct-05,5358 
2004-Oct-06,5433 
2004-Oct-07,5580 
2004-Oct-08,5700 
2004-Oct-11,5783 
2004-Oct-12,5863 
2004-Oct-13,5944 
2004-Oct-14,5985 
2004-Oct-15,6016 
2004-Oct-18,6039 
2004-Oct-19,6068 
2004-Oct-20,6133 
2004-Oct-21,6264 
2004-Oct-22,6371 
2004-Oct-25,6426 
2004-Oct-26,6511 
2004-Oct-27,6575 
2004-Oct-28,6599 
2004-Oct-29,6649 
2004-Nov-01,6703 
2004-Nov-02,6785 
2004-Nov-03,6894 
2004-Nov-04,7049 
2004-Nov-05,7140 
2004-Nov-08,7171 
2004-Nov-09,7206 
2004-Nov-10,7256 
2004-Nov-11,7297 
2004-Nov-12,7311 
2004-Nov-15,7333 
2004-Nov-16,7355 
2004-Nov-17,7414 
2004-Nov-18,7475 
2004-Nov-19,7520 
2004-Nov-22,7565 
2004-Nov-23,7624 
2004-Nov-24,7739 
2004-Nov-25,7892 
2004-Nov-26,8096 
2004-Nov-29,8217 
2004-Nov-30,8335 
2004-Dec-01,8417 
2004-Dec-02,8562 
2004-Dec-03,8712 
2004-Dec-06,8858 
2004-Dec-07,8911 
2004-Dec-08,8868 
2004-Dec-09,8663 
2004-Dec-10,8458 
2004-Dec-13,8243 
2004-Dec-14,7887 
2004-Dec-15,7517 
2004-Dec-16,7060 
2004-Dec-17,6592 
2004-Dec-20,6384 
2004-Dec-21,6264 
2004-Dec-22,6163 
2004-Dec-23,6077 
2004-Dec-24,6054 
2005-Jan-04,5951 
2005-Jan-05,5910 
2005-Jan-06,5885 
2005-Jan-07,5927 
2005-Jan-10,6166 
2005-Jan-11,6331 
2005-Jan-12,6442 
2005-Jan-13,6465 
2005-Jan-14,6387 
2005-Jan-17,6302 
2005-Jan-18,6179 
2005-Jan-19,5930 
2005-Jan-20,5711 
2005-Jan-21,5666 
2005-Jan-24,5709 
2005-Jan-25,5789 
2005-Jan-26,5906 
2005-Jan-27,6028 
2005-Jan-28,6169 
2005-Jan-31,6227 
2005-Feb-01,6212 
2005-Feb-02,6122 
2005-Feb-03,5978 
2005-Feb-04,5909 
2005-Feb-07,5805 
2005-Feb-08,5786 
2005-Feb-09,5888 
2005-Feb-10,6106 
2005-Feb-11,6213 
2005-Feb-14,6337 
2005-Feb-15,6432 
2005-Feb-16,6511 
2005-Feb-17,6605 
2005-Feb-18,6679 
2005-Feb-21,6768 
2005-Feb-22,6801 
2005-Feb-23,6743 
2005-Feb-24,6624 
2005-Feb-25,6469 
2005-Feb-28,6376 
2005-Mar-01,6242 
2005-Mar-02,6147 
2005-Mar-03,6153 
2005-Mar-04,6186 
2005-Mar-07,6278 
2005-Mar-08,6353 
2005-Mar-09,6367 
2005-Mar-10,6293 
2005-Mar-11,6160 
2005-Mar-14,6054 
2005-Mar-15,5913 
2005-Mar-16,5691 
2005-Mar-17,5664 
2005-Mar-18,5786 
2005-Mar-21,5873 
2005-Mar-22,5885 
2005-Mar-23,5872 
2005-Mar-24,5883 
2005-Mar-29,5868 
2005-Mar-30,5877 
2005-Mar-31,5937 
2005-Apr-01,5991 
2005-Apr-04,6061 
2005-Apr-05,6194 
2005-Apr-06,6301 
2005-Apr-07,6375 
2005-Apr-08,6457 
2005-Apr-11,6527 
2005-Apr-12,6591 
2005-Apr-13,6682 
2005-Apr-14,6725 
2005-Apr-15,6783 
2005-Apr-18,6769 
2005-Apr-19,6672 
2005-Apr-20,6535 
2005-Apr-21,6460 
2005-Apr-22,6386 
2005-Apr-25,6313 
2005-Apr-26,6159 
2005-Apr-27,5893 
2005-Apr-28,5743 
2005-Apr-29,5671 
2005-May-03,5612 
2005-May-04,5574 
2005-May-05,5584 
2005-May-06,5639 
2005-May-09,5712 
2005-May-10,5727 
2005-May-11,5653 
2005-May-12,5514 
2005-May-13,5414 
2005-May-16,5361 
2005-May-17,5265 
2005-May-18,5098 
2005-May-19,4840 
2005-May-20,4722 
2005-May-23,4647 
2005-May-24,4469 
2005-May-25,4310 
2005-May-26,4195 
2005-May-27,4089 
2005-May-31,3893 
2005-Jun-01,3744 
2005-Jun-02,3547 
2005-Jun-03,3431 
2005-Jun-06,3306 
2005-Jun-07,3224 
2005-Jun-08,3163 
2005-Jun-09,3160 
2005-Jun-10,3084 
2005-Jun-13,3005 
2005-Jun-14,2936 
2005-Jun-15,2847 
2005-Jun-16,2783 
2005-Jun-17,2735 
2005-Jun-20,2720 
2005-Jun-21,2769 
2005-Jun-22,2908 
2005-Jun-23,3013 
2005-Jun-24,3075 
2005-Jun-27,3105 
2005-Jun-28,3105 
2005-Jun-29,3064 
2005-Jun-30,2987 
2005-Jul-01,2982 
2005-Jul-04,2999 
2005-Jul-05,3043 
2005-Jul-06,3071 
2005-Jul-07,3078 
2005-Jul-08,3090 
2005-Jul-11,3108 
2005-Jul-12,3136 
2005-Jul-13,3169 
2005-Jul-14,3193 
2005-Jul-15,3207 
2005-Jul-18,3187 
2005-Jul-19,3126 
2005-Jul-20,3061 
2005-Jul-21,2930 
2005-Jul-22,2793 
2005-Jul-25,2705 
2005-Jul-26,2603 
2005-Jul-27,2509 
2005-Jul-28,2438 
2005-Jul-29,2373 
2005-Aug-01,2327 
2005-Aug-02,2319 
2005-Aug-03,2339 
2005-Aug-04,2389 
2005-Aug-05,2481 
2005-Aug-08,2570 
2005-Aug-09,2643 
2005-Aug-10,2724 
2005-Aug-11,2822 
2005-Aug-12,2912 
2005-Aug-15,2955 
2005-Aug-16,3001 
2005-Aug-17,3076 
2005-Aug-18,3168 
2005-Aug-19,3334 
2005-Aug-22,3393 
2005-Aug-23,3452 
2005-Aug-24,3539 
2005-Aug-25,3586 
2005-Aug-26,3637 
2005-Aug-30,3683 
2005-Aug-31,3735 
2005-Sep-01,3702 
2005-Sep-02,3572 
2005-Sep-05,3450 
2005-Sep-06,3413 
2005-Sep-07,3500 
2005-Sep-08,3624 
2005-Sep-09,3726 
2005-Sep-12,3882 
2005-Sep-13,3981 
2005-Sep-14,4049 
2005-Sep-15,4146 
2005-Sep-16,4248 
2005-Sep-19,4295 
2005-Sep-20,4324 
2005-Sep-21,4335 
2005-Sep-22,4287 
2005-Sep-23,4290 
2005-Sep-26,4298 
2005-Sep-27,4290 
2005-Sep-28,4242 
2005-Sep-29,4175 
2005-Sep-30,4190 
2005-Oct-03,4285 
2005-Oct-04,4352 
2005-Oct-05,4426 
2005-Oct-06,4488 
2005-Oct-07,4543 
2005-Oct-10,4615 
2005-Oct-11,4767 
2005-Oct-12,4929 
2005-Oct-13,5065 
2005-Oct-14,5125 
2005-Oct-17,5093 
2005-Oct-18,4959 
2005-Oct-19,4854 
2005-Oct-20,4745 
2005-Oct-21,4669 
2005-Oct-24,4613 
2005-Oct-25,4598 
2005-Oct-26,4615 
2005-Oct-27,4631 
2005-Oct-28,4619 
2005-Oct-31,4592 
2005-Nov-01,4561 
2005-Nov-02,4487 
2005-Nov-03,4394 
2005-Nov-04,4341 
2005-Nov-07,4276 
2005-Nov-08,4273 
2005-Nov-09,4338 
2005-Nov-10,4524 
2005-Nov-11,4610 
2005-Nov-14,4652 
2005-Nov-15,4637 
2005-Nov-16,4600 
2005-Nov-17,4520 
2005-Nov-18,4475 
2005-Nov-21,4438 
2005-Nov-22,4382 
2005-Nov-23,4303 
2005-Nov-24,4187 
2005-Nov-25,4067 
2005-Nov-28,3992 
2005-Nov-29,3976 
2005-Nov-30,4013 
2005-Dec-01,3995 
2005-Dec-02,3955 
2005-Dec-05,3921 
2005-Dec-06,3865 
2005-Dec-07,3709 
2005-Dec-08,3553 
2005-Dec-09,3507 
2005-Dec-12,3476 
2005-Dec-13,3459 
2005-Dec-14,3406 
2005-Dec-15,3385 
2005-Dec-16,3317 
2005-Dec-19,3267 
2005-Dec-20,3208 
2005-Dec-21,3140 
2005-Dec-22,3099 
2005-Dec-23,3071 
2006-Jan-03,3105 
2006-Jan-04,3156 
2006-Jan-05,3223 
2006-Jan-06,3249 
2006-Jan-09,3270 
2006-Jan-10,3251 
2006-Jan-11,3194 
2006-Jan-12,3135 
2006-Jan-13,3074 
2006-Jan-16,3018 
2006-Jan-17,2927 
2006-Jan-18,2834 
2006-Jan-19,2768 
2006-Jan-20,2744 
2006-Jan-23,2722 
2006-Jan-24,2711 
2006-Jan-25,2732 
2006-Jan-26,2785 
2006-Jan-27,2840 
2006-Jan-30,2865 
2006-Jan-31,2896 
2006-Feb-01,2911 
2006-Feb-02,2965 
2006-Feb-03,3009 
2006-Feb-06,3029 
2006-Feb-07,3077 
2006-Feb-08,3148 
2006-Feb-09,3207 
2006-Feb-10,3286 
2006-Feb-13,3350 
2006-Feb-14,3514 
2006-Feb-15,3764 
2006-Feb-16,4112 
2006-Feb-17,4377 
2006-Feb-20,4469 
2006-Feb-21,4431 
2006-Feb-22,4081 
2006-Feb-23,3989 
2006-Feb-24,3994 
2006-Feb-27,4047 
2006-Feb-28,4141 
2006-Mar-01,4194 
2006-Mar-02,4121 
2006-Mar-03,4040 
2006-Mar-06,3993 
2006-Mar-07,3959 
2006-Mar-08,3957 
2006-Mar-09,3953 
2006-Mar-10,3915 
2006-Mar-13,3867 
2006-Mar-14,3746 
2006-Mar-15,3567 
2006-Mar-16,3381 
2006-Mar-17,3313 
2006-Mar-20,3336 
2006-Mar-21,3462 
2006-Mar-22,3527 
2006-Mar-23,3567 
2006-Mar-24,3568 
2006-Mar-27,3549 
2006-Mar-28,3445 
2006-Mar-29,3399 
2006-Mar-30,3392 
2006-Mar-31,3410 
2006-Apr-03,3459 
2006-Apr-04,3494 
2006-Apr-05,3501 
2006-Apr-06,3501 
2006-Apr-07,3526 
2006-Apr-10,3521 
2006-Apr-11,3498 
2006-Apr-12,3442 
2006-Apr-13,3428 
2006-Apr-18,3415 
2006-Apr-19,3388 
2006-Apr-20,3315 
2006-Apr-21,3257 
2006-Apr-24,3213 
2006-Apr-25,3128 
2006-Apr-26,3057 
2006-Apr-27,3037 
2006-Apr-28,3040 
2006-May-02,3051 
2006-May-03,3054 
2006-May-04,3055 
2006-May-05,3056 
2006-May-08,3072 
2006-May-09,3075 
2006-May-10,3110 
2006-May-11,3176 
2006-May-12,3217 
2006-May-15,3240 
2006-May-16,3238 
2006-May-17,3221 
2006-May-18,3197 
2006-May-19,3168 
2006-May-22,3134 
2006-May-23,3089 
2006-May-24,3023 
2006-May-25,2980 
2006-May-26,2951 
2006-May-30,2913 
2006-May-31,2975 
2006-Jun-01,3082 
2006-Jun-02,3150 
2006-Jun-05,3218 
2006-Jun-06,3253 
2006-Jun-07,3265 
2006-Jun-08,3290 
2006-Jun-09,3306 
2006-Jun-12,3314 
2006-Jun-13,3343 
2006-Jun-14,3369 
2006-Jun-15,3392 
2006-Jun-16,3412 
2006-Jun-19,3428 
2006-Jun-20,3438 
2006-Jun-21,3449 
2006-Jun-22,3485 
2006-Jun-23,3514 
2006-Jun-26,3533 
2006-Jun-27,3536 
2006-Jun-28,3546 
2006-Jun-29,3584 
2006-Jun-30,3645 
2006-Jul-03,3675 
2006-Jul-04,3639 
2006-Jul-05,3563 
2006-Jul-06,3521 
2006-Jul-07,3504 
2006-Jul-10,3501 
2006-Jul-11,3507 
2006-Jul-12,3594 
2006-Jul-13,3737 
2006-Jul-14,3889 
2006-Jul-17,3956 
2006-Jul-18,4066 
2006-Jul-19,4211 
2006-Jul-20,4302 
2006-Jul-21,4347 
2006-Jul-24,4357 
2006-Jul-25,4404 
2006-Jul-26,4414 
2006-Jul-27,4449 
2006-Jul-28,4514 
2006-Jul-31,4583 
2006-Aug-01,4696 
2006-Aug-02,4951 
2006-Aug-03,5169 
2006-Aug-04,5274 
2006-Aug-07,5322 
2006-Aug-08,5325 
2006-Aug-09,5260 
2006-Aug-10,5210 
2006-Aug-11,5233 
2006-Aug-14,5295 
2006-Aug-15,5409 
2006-Aug-16,5394 
2006-Aug-17,5289 
2006-Aug-18,5108 
2006-Aug-21,5008 
2006-Aug-22,4900 
2006-Aug-23,4850 
2006-Aug-24,4899 
2006-Aug-25,4974 
2006-Aug-29,5078 
2006-Aug-30,5130 
2006-Aug-31,5182 
2006-Sep-01,5187 
2006-Sep-04,5169 
2006-Sep-05,5160 
2006-Sep-06,5134 
2006-Sep-07,5116 
2006-Sep-08,5119 
2006-Sep-11,5155 
2006-Sep-12,5269 
2006-Sep-13,5525 
2006-Sep-14,5645 
2006-Sep-15,5681 
2006-Sep-18,5695 
2006-Sep-19,5661 
2006-Sep-20,5599 
2006-Sep-21,5550 
2006-Sep-22,5503 
2006-Sep-25,5421 
2006-Sep-26,5289 
2006-Sep-27,5156 
2006-Sep-28,5125 
2006-Sep-29,5120 
2006-Oct-02,5133 
2006-Oct-03,5110 
2006-Oct-04,5035 
2006-Oct-05,5000 
2006-Oct-06,5085 
2006-Oct-09,5231 
2006-Oct-10,5314 
2006-Oct-11,5419 
2006-Oct-12,5589 
2006-Oct-13,5702 
2006-Oct-16,5743 
2006-Oct-17,5705 
2006-Oct-18,5622 
2006-Oct-19,5528 
2006-Oct-20,5454 
2006-Oct-23,5419 
2006-Oct-24,5404 
2006-Oct-25,5402 
2006-Oct-26,5433 
2006-Oct-27,5518 
2006-Oct-30,5576 
2006-Oct-31,5616 
2006-Nov-01,5715 
2006-Nov-02,5764 
2006-Nov-03,5801 
2006-Nov-06,5810 
2006-Nov-07,5832 
2006-Nov-08,5842 
2006-Nov-09,5821 
2006-Nov-10,5733 
2006-Nov-13,5665 
2006-Nov-14,5614 
2006-Nov-15,5601 
2006-Nov-16,5586 
2006-Nov-17,5602 
2006-Nov-20,5615 
2006-Nov-21,5610 
2006-Nov-22,5602 
2006-Nov-23,5628 
2006-Nov-24,5677 
2006-Nov-27,5745 
2006-Nov-28,5864 
2006-Nov-29,5976 
2006-Nov-30,6036 
2006-Dec-01,6078 
2006-Dec-04,6104 
2006-Dec-05,6059 
2006-Dec-06,5920 
2006-Dec-07,5792 
2006-Dec-08,5709 
2006-Dec-11,5675 
2006-Dec-12,5714 
2006-Dec-13,5811 
2006-Dec-14,5847 
2006-Dec-15,5851 
2006-Dec-18,5839 
2006-Dec-19,5840 
2006-Dec-20,5837 
2006-Dec-21,5898 
2006-Dec-22,5972 
2007-Jan-02,6026 
2007-Jan-03,6105 
2007-Jan-04,6193 
2007-Jan-05,6280 
2007-Jan-08,6372 
2007-Jan-09,6431 
2007-Jan-10,6457 
2007-Jan-11,6470 
2007-Jan-12,6471 
2007-Jan-15,6459 
2007-Jan-16,6322 
2007-Jan-17,6169 
2007-Jan-18,6040 
2007-Jan-19,5962 
2007-Jan-22,5943 
2007-Jan-23,6051 
2007-Jan-24,6169 
2007-Jan-25,6262 
2007-Jan-26,6284 
2007-Jan-29,6269 
2007-Jan-30,6182 
2007-Jan-31,6045 
2007-Feb-01,6026 
2007-Feb-02,6056 
2007-Feb-05,6110 
2007-Feb-06,6183 
2007-Feb-07,6256 
2007-Feb-08,6314 
2007-Feb-09,6340 
2007-Feb-12,6382 
2007-Feb-13,6375 
2007-Feb-14,6300 
2007-Feb-15,6210 
2007-Feb-16,6161 
2007-Feb-19,6136 
2007-Feb-20,6125 
2007-Feb-21,6193 
2007-Feb-22,6318 
2007-Feb-23,6521 
2007-Feb-26,6635 
2007-Feb-27,6834 
2007-Feb-28,6917 
2007-Mar-01,6987 
2007-Mar-02,7045 
2007-Mar-05,7044 
2007-Mar-06,6974 
2007-Mar-07,6924 
2007-Mar-08,6914 
2007-Mar-09,6955 
2007-Mar-12,6999 
2007-Mar-13,7003 
2007-Mar-14,6982 
2007-Mar-15,6945 
2007-Mar-16,6969 
2007-Mar-19,7076 
2007-Mar-20,7223 
2007-Mar-21,7411 
2007-Mar-22,7546 
2007-Mar-23,7642 
2007-Mar-26,7683 
2007-Mar-27,7692 
2007-Mar-28,7686 
2007-Mar-29,7701 
2007-Mar-30,7810 
2007-Apr-02,7888 
2007-Apr-03,7929 
2007-Apr-04,8028 
2007-Apr-05,8117 
2007-Apr-10,8122 
2007-Apr-11,8086 
2007-Apr-12,7990 
2007-Apr-13,7960 
2007-Apr-16,7947 
2007-Apr-17,8030 
2007-Apr-18,8252 
2007-Apr-19,8404 
2007-Apr-20,8487 
2007-Apr-23,8605 
2007-Apr-24,8795 
2007-Apr-25,8953 
2007-Apr-26,9060 
2007-Apr-27,9116 
2007-Apr-30,9127 
2007-May-01,9118 
2007-May-02,9107 
2007-May-03,9069 
2007-May-04,9122 
2007-May-08,9213 
2007-May-09,9302 
2007-May-10,9499 
2007-May-11,9639 
2007-May-14,9687 
2007-May-15,9653 
2007-May-16,9562 
2007-May-17,9487 
2007-May-18,9415 
2007-May-21,9362 
2007-May-22,9260 
2007-May-23,9181 
2007-May-24,8972 
2007-May-25,8835 
2007-May-29,8718 
2007-May-30,8477 
2007-May-31,8359 
2007-Jun-01,8382 
2007-Jun-04,8421 
2007-Jun-05,8366 
2007-Jun-06,8167 
2007-Jun-07,7831 
2007-Jun-08,7514 
2007-Jun-11,7391 
2007-Jun-12,7070 
2007-Jun-13,6688 
2007-Jun-14,6435 
2007-Jun-15,6356 
2007-Jun-18,6382 
2007-Jun-19,6505 
2007-Jun-20,6769 
2007-Jun-21,7345 
2007-Jun-22,7985 
2007-Jun-25,8228 
2007-Jun-26,8333 
2007-Jun-27,8513 
2007-Jun-28,8614 
2007-Jun-29,8643 
2007-Jul-02,8650 
2007-Jul-03,8522 
2007-Jul-04,8293 
2007-Jul-05,8001 
2007-Jul-06,7769 
2007-Jul-09,7773 
2007-Jul-10,7978 
2007-Jul-11,8360 
2007-Jul-12,8704 
2007-Jul-13,8742 
2007-Jul-16,8651 
2007-Jul-17,8470 
2007-Jul-18,8262 
2007-Jul-19,8220 
2007-Jul-20,8303 
2007-Jul-23,8415 
2007-Jul-24,8549 
2007-Jul-25,8678 
2007-Jul-26,8746 
2007-Jul-27,8785 
2007-Jul-30,8864 
2007-Jul-31,8930 
2007-Aug-01,9027 
2007-Aug-02,9135 
2007-Aug-03,9245 
2007-Aug-06,9267 
2007-Aug-07,9267 
2007-Aug-08,9219 
2007-Aug-09,9286 
2007-Aug-10,9406 
2007-Aug-13,9481 
2007-Aug-14,9637 
2007-Aug-15,9829 
2007-Aug-16,10010 
2007-Aug-17,9963 
2007-Aug-20,9884 
2007-Aug-21,9805 
2007-Aug-22,9813 
2007-Aug-23,9906 
2007-Aug-24,9996 
2007-Aug-28,10267 
2007-Aug-29,10446 
2007-Aug-30,10590 
2007-Aug-31,10715 
2007-Sep-03,10785 
2007-Sep-04,10897 
2007-Sep-05,11054 
2007-Sep-06,11223 
2007-Sep-07,11434 
2007-Sep-10,11526 
2007-Sep-11,11508 
2007-Sep-12,11363 
2007-Sep-13,11151 
2007-Sep-14,11059 
2007-Sep-17,11072 
2007-Sep-18,11168 
2007-Sep-19,11482 
2007-Sep-20,11770 
2007-Sep-21,12550 
2007-Sep-24,12842 
2007-Sep-25,13186 
2007-Sep-26,13314 
2007-Sep-27,13728 
2007-Sep-28,14002 
2007-Oct-01,14098 
2007-Oct-02,14097 
2007-Oct-03,13983 
2007-Oct-04,13678 
2007-Oct-05,13664 
2007-Oct-08,14010 
2007-Oct-09,14388 
2007-Oct-10,14958 
2007-Oct-11,15403 
2007-Oct-12,15477 
2007-Oct-15,15463 
2007-Oct-16,15361 
2007-Oct-17,15272 
2007-Oct-18,15299 
2007-Oct-19,15412 
2007-Oct-22,15483 
2007-Oct-23,15515 
2007-Oct-24,15487 
2007-Oct-25,15403 
2007-Oct-26,15323 
2007-Oct-29,15197 
2007-Oct-30,14625 
2007-Oct-31,14078 
2007-Nov-01,13988 
2007-Nov-02,14021 
2007-Nov-05,14178 
2007-Nov-06,14508 
2007-Nov-07,14749 
2007-Nov-08,14894 
2007-Nov-09,15252 
2007-Nov-12,15660 
2007-Nov-13,15949 
2007-Nov-14,16113 
2007-Nov-15,16256 
2007-Nov-16,16236 
2007-Nov-19,16115 
2007-Nov-20,15785 
2007-Nov-21,15501 
2007-Nov-22,15085 
2007-Nov-23,14873 
2007-Nov-26,14695 
2007-Nov-27,14618 
2007-Nov-28,14755 
2007-Nov-29,15181 
2007-Nov-30,15357 
2007-Dec-03,15422 
2007-Dec-04,15405 
2007-Dec-05,15247 
2007-Dec-06,15079 
2007-Dec-07,14879 
2007-Dec-10,14703 
2007-Dec-11,14625 
2007-Dec-12,14739 
2007-Dec-13,14793 
2007-Dec-14,14758 
2007-Dec-17,14632 
2007-Dec-18,14452 
2007-Dec-19,14190 
2007-Dec-20,13912 
2007-Dec-21,13708 
2007-Dec-24,13603 
2008-Jan-02,13233 
2008-Jan-03,13020 
2008-Jan-04,12890 
2008-Jan-07,12842 
2008-Jan-08,12710 
2008-Jan-09,12400 
2008-Jan-10,11693 
2008-Jan-11,10784 
2008-Jan-14,10085 
2008-Jan-15,9374 
2008-Jan-16,8409 
2008-Jan-17,7520 
2008-Jan-18,7754 
2008-Jan-21,8054 
2008-Jan-22,8071 
2008-Jan-23,7848 
2008-Jan-24,7352 
2008-Jan-25,7202 
2008-Jan-28,7189 
2008-Jan-29,7202 
2008-Jan-30,8310 
2008-Jan-31,8766 
2008-Feb-01,9031 
2008-Feb-04,9053 
2008-Feb-05,8828 
2008-Feb-06,8748 
2008-Feb-07,9096 
2008-Feb-08,9490 
2008-Feb-11,9756 
2008-Feb-12,10027 
2008-Feb-13,10415 
2008-Feb-14,10546 
2008-Feb-15,10436 
2008-Feb-18,10195 
2008-Feb-19,9875 
2008-Feb-20,9279 
2008-Feb-21,9327 
2008-Feb-22,9934 
2008-Feb-25,10246 
2008-Feb-26,10175 
2008-Feb-27,10068 
2008-Feb-28,10104 
2008-Feb-29,10743 
2008-Mar-03,11433 
2008-Mar-04,11670 
2008-Mar-05,11863 
2008-Mar-06,12285 
2008-Mar-07,12458 
2008-Mar-10,12625 
2008-Mar-11,12315 
2008-Mar-12,11660 
2008-Mar-13,10883 
2008-Mar-14,10519 
2008-Mar-17,10379 
2008-Mar-18,10381 
2008-Mar-19,10246 
2008-Mar-20,9982 
2008-Mar-25,9894 
2008-Mar-26,10281 
2008-Mar-27,11100 
2008-Mar-28,11815 
2008-Mar-31,11993 
2008-Apr-01,11511 
2008-Apr-02,10952 
2008-Apr-03,11158 
2008-Apr-04,11326 
2008-Apr-07,11354 
2008-Apr-08,11349 
2008-Apr-09,11263 
2008-Apr-10,11366 
2008-Apr-11,11484 
2008-Apr-14,11587 
2008-Apr-15,11459 
2008-Apr-16,11298 
2008-Apr-17,11337 
2008-Apr-18,11610 
2008-Apr-21,11898 
2008-Apr-22,12248 
2008-Apr-23,12845 
2008-Apr-24,13583 
2008-Apr-25,13890 
2008-Apr-28,13920 
2008-Apr-29,13830 
2008-Apr-30,14173 
2008-May-01,14392 
2008-May-02,14711 
2008-May-06,15133 
2008-May-07,15553 
2008-May-08,15629 
2008-May-09,15537 
2008-May-12,15447 
2008-May-13,15769 
2008-May-14,16357 
2008-May-15,16999 
2008-May-16,17685 
2008-May-19,18045 
2008-May-20,18105 
2008-May-21,18128 
2008-May-22,18051 
2008-May-23,17911 
2008-May-27,17725 
2008-May-28,17888 
2008-May-29,18348 
2008-May-30,18749 
2008-Jun-02,18920 
2008-Jun-03,19125 
2008-Jun-04,19488 
2008-Jun-05,19687 
2008-Jun-06,19451 
2008-Jun-09,19253 
2008-Jun-10,18880 
2008-Jun-11,18033 
2008-Jun-12,15178 
2008-Jun-13,13960 
2008-Jun-16,13553 
2008-Jun-17,13890 
2008-Jun-18,14154 
2008-Jun-19,14162 
2008-Jun-20,13858 
2008-Jun-23,13112 
2008-Jun-24,12860 
2008-Jun-25,13053 
2008-Jun-26,13591 
2008-Jun-27,13936 
2008-Jun-30,13978 
2008-Jul-01,13470 
2008-Jul-02,13032 
2008-Jul-03,12593 
2008-Jul-04,12488 
2008-Jul-07,12829 
2008-Jul-08,13260 
2008-Jul-09,13498 
2008-Jul-10,13526 
2008-Jul-11,13246 
2008-Jul-14,13149 
2008-Jul-15,13200 
2008-Jul-16,13219 
2008-Jul-17,13336 
2008-Jul-18,13411 
2008-Jul-21,13404 
2008-Jul-22,13449 
2008-Jul-23,13577 
2008-Jul-24,13579 
2008-Jul-25,13417 
2008-Jul-28,13192 
2008-Jul-29,13132 
2008-Jul-30,13077 
2008-Jul-31,13005 
2008-Aug-01,12944 
2008-Aug-04,12838 
2008-Aug-05,12695 
2008-Aug-06,12244 
2008-Aug-07,11456 
2008-Aug-08,10720 
2008-Aug-11,10581 
2008-Aug-12,10695 
2008-Aug-13,11256 
2008-Aug-14,12240 
2008-Aug-15,12581 
2008-Aug-18,12673 
2008-Aug-19,12337 
2008-Aug-20,11710 
2008-Aug-21,11331 
2008-Aug-22,11291 
2008-Aug-26,11263 
2008-Aug-27,11120 
2008-Aug-28,10820 
2008-Aug-29,10506 
2008-Sep-01,10216 
2008-Sep-02,9599 
2008-Sep-03,8724 
2008-Sep-04,8107 
2008-Sep-05,7708 
2008-Sep-08,7496 
2008-Sep-09,7195 
2008-Sep-10,6864 
2008-Sep-11,6655 
2008-Sep-12,6438 
2008-Sep-15,6369 
2008-Sep-16,6471 
2008-Sep-17,6578 
2008-Sep-18,6606 
2008-Sep-19,6528 
2008-Sep-22,6408 
2008-Sep-23,6078 
2008-Sep-24,5581 
2008-Sep-25,5206 
2008-Sep-26,4652 
2008-Sep-29,4499 
2008-Sep-30,4318 
2008-Oct-01,4163 
2008-Oct-02,4197 
2008-Oct-03,4254 
2008-Oct-06,4310 
2008-Oct-07,4279 
2008-Oct-08,4057 
2008-Oct-09,3548 
2008-Oct-10,3087 
2008-Oct-13,2696 
2008-Oct-14,2414 
2008-Oct-15,1992 
2008-Oct-16,1842 
2008-Oct-17,1776 
2008-Oct-20,1674 
2008-Oct-21,1605 
2008-Oct-22,1572 
2008-Oct-23,1525 
2008-Oct-24,1504 
2008-Oct-27,1456 
2008-Oct-28,1400 
2008-Oct-29,1345 
2008-Oct-30,1307 
2008-Oct-31,1265 
2008-Nov-03,1233 
2008-Nov-04,1211 
2008-Nov-05,1185 
2008-Nov-06,1162 
2008-Nov-07,1120 
2008-Nov-10,1095 
2008-Nov-11,1065 
2008-Nov-12,1048 
2008-Nov-13,1040 
2008-Nov-14,1016 
2008-Nov-17,1002 
2008-Nov-18,994 
2008-Nov-19,989 
2008-Nov-20,976 
2008-Nov-21,967 
2008-Nov-24,955 
2008-Nov-25,932 
2008-Nov-26,883 
2008-Nov-27,858 
2008-Nov-28,838 
2008-Dec-01,833 
2008-Dec-02,830 
2008-Dec-03,830 
2008-Dec-04,839 
2008-Dec-05,871 
2008-Dec-08,938 
2008-Dec-09,991 
2008-Dec-10,1058 
2008-Dec-11,1142 
2008-Dec-12,1331 
2008-Dec-15,1454 
2008-Dec-16,1514 
2008-Dec-17,1515 
2008-Dec-18,1476 
2008-Dec-19,1423 
2008-Dec-22,1373 
2008-Dec-23,1345 
2008-Dec-24,1337 
2009-Jan-02,1361 
2009-Jan-05,1386 
2009-Jan-06,1406 
2009-Jan-07,1452 
2009-Jan-08,1564 
2009-Jan-09,1728 
2009-Jan-12,1788 
2009-Jan-13,1864 
2009-Jan-14,1888 
2009-Jan-15,1850 
2009-Jan-16,1760 
2009-Jan-19,1709 
2009-Jan-20,1719 
2009-Jan-21,1800 
2009-Jan-22,1939 
2009-Jan-23,2032 
2009-Jan-26,2049 
2009-Jan-27,2035 
2009-Jan-28,2006 
2009-Jan-29,1972 
2009-Jan-30,1981 
2009-Feb-02,2004 
2009-Feb-03,2093 
2009-Feb-04,2380 
2009-Feb-05,2734 
2009-Feb-06,2999 
2009-Feb-09,3344 
2009-Feb-10,3626 
2009-Feb-11,3822 
2009-Feb-12,3567 
2009-Feb-13,3335 
2009-Feb-16,3170 
2009-Feb-17,3356 
2009-Feb-18,3587 
2009-Feb-19,3733 
2009-Feb-20,3768 
2009-Feb-23,3649 
2009-Feb-24,3362 
2009-Feb-25,3124 
2009-Feb-26,2963 
2009-Feb-27,2963 
2009-Mar-02,2921 
2009-Mar-03,2862 
2009-Mar-04,2818 
2009-Mar-05,2830 
2009-Mar-06,2839 
2009-Mar-09,2831 
2009-Mar-10,2807 
2009-Mar-11,2706 
2009-Mar-12,2580 
2009-Mar-13,2454 
2009-Mar-16,2365 
2009-Mar-17,2251 
2009-Mar-18,2157 
2009-Mar-19,2154 
2009-Mar-20,2197 
2009-Mar-23,2215 
2009-Mar-24,2195 
2009-Mar-25,2169 
2009-Mar-26,2134 
2009-Mar-27,2092 
2009-Mar-30,2078 
2009-Mar-31,2066 
2009-Apr-01,2039 
2009-Apr-02,2001 
2009-Apr-03,1962 
2009-Apr-06,1961 
2009-Apr-07,1972 
2009-Apr-08,1993 
2009-Apr-09,2024 
2009-Apr-14,2033 
2009-Apr-15,2077 
2009-Apr-16,2140 
2009-Apr-17,2209 
2009-Apr-20,2285 
2009-Apr-21,2393 
2009-Apr-22,2501 
2009-Apr-23,2539 
2009-Apr-24,2494 
2009-Apr-27,2443 
2009-Apr-28,2364 
2009-Apr-29,2342 
2009-Apr-30,2348 
2009-May-01,2376 
2009-May-05,2528 
2009-May-06,2868 
2009-May-07,3046 
2009-May-08,2963 
2009-May-11,2913 
2009-May-12,2988 
2009-May-13,3129 
2009-May-14,3282 
2009-May-15,3481 
2009-May-18,3600 
2009-May-19,3661 
2009-May-20,3767 
2009-May-21,3991 
2009-May-22,4343 
2009-May-26,4797 
2009-May-27,5308 
2009-May-28,5602 
2009-May-29,6125 
2009-Jun-01,6549 
2009-Jun-02,7724 
2009-Jun-03,8147 
2009-Jun-04,7561 
2009-Jun-05,6812 
2009-Jun-08,6523 
2009-Jun-09,6382 
2009-Jun-10,6354 
2009-Jun-11,6465 
2009-Jun-12,6715 
2009-Jun-15,7227 
2009-Jun-16,7648 
2009-Jun-17,7825 
2009-Jun-18,7980 
2009-Jun-19,7996 
2009-Jun-22,7909 
2009-Jun-23,7441 
2009-Jun-24,7115 
2009-Jun-25,7034 
2009-Jun-26,7106 
2009-Jun-29,7216 
2009-Jun-30,7241 
2009-Jul-01,7122 
2009-Jul-02,6848 
2009-Jul-03,6438 
2009-Jul-06,6104 
2009-Jul-07,5667 
2009-Jul-08,5336 
2009-Jul-09,5037 
2009-Jul-10,4844 
2009-Jul-13,4788 
2009-Jul-14,5034 
2009-Jul-15,5549 
2009-Jul-16,5916 
2009-Jul-17,5957 
2009-Jul-20,5824 
2009-Jul-21,5602 
2009-Jul-22,5419 
2009-Jul-23,5218 
2009-Jul-24,5170 
2009-Jul-27,5339 
2009-Jul-28,5564 
2009-Jul-29,5704 
2009-Jul-30,5585 
2009-Jul-31,5385 
2009-Aug-03,5187 
2009-Aug-04,5023 
2009-Aug-05,4848 
2009-Aug-06,4631 
2009-Aug-07,4444 
2009-Aug-10,4351 
2009-Aug-11,4292 
2009-Aug-12,4333 
2009-Aug-13,4553 
2009-Aug-14,4708 
2009-Aug-17,4747 
2009-Aug-18,4544 
2009-Aug-19,4342 
2009-Aug-20,4162 
2009-Aug-21,4030 
2009-Aug-24,3965 
2009-Aug-25,3869 
2009-Aug-26,4026 
2009-Aug-27,4002 
2009-Aug-28,3946 
2009-Sep-01,3894 
2009-Sep-02,3820 
2009-Sep-03,3747 
2009-Sep-04,3651 
2009-Sep-07,3595 
2009-Sep-08,3598 
2009-Sep-09,3607 
2009-Sep-10,3592 
2009-Sep-11,3539 
2009-Sep-14,3494 
2009-Sep-15,3415 
2009-Sep-16,3296 
2009-Sep-17,3165 
2009-Sep-18,3008 
2009-Sep-21,2892 
2009-Sep-22,2684 
2009-Sep-23,2545 
2009-Sep-24,2566 
2009-Sep-25,2677 
2009-Sep-28,2729 
2009-Sep-29,2748 
2009-Sep-30,2846 
2009-Oct-01,3060 
2009-Oct-02,3282 
2009-Oct-05,3300 
2009-Oct-06,3528 
2009-Oct-07,3773 
2009-Oct-08,3990 
2009-Oct-09,4107 
2009-Oct-12,4075 
2009-Oct-13,3909 
2009-Oct-14,3762 
2009-Oct-15,3979 
2009-Oct-16,4061 
2009-Oct-19,4163 
2009-Oct-20,4346 
2009-Oct-21,4577 
2009-Oct-22,4774 
2009-Oct-23,4842 
2009-Oct-26,4827 
2009-Oct-27,4733 
2009-Oct-28,4665 
2009-Oct-29,4776 
2009-Oct-30,5047 
2009-Nov-02,5256 
2009-Nov-03,5394 
2009-Nov-04,5440 
2009-Nov-05,5481 
2009-Nov-06,5583 
2009-Nov-09,5764 
2009-Nov-10,6113 
2009-Nov-11,6392 
2009-Nov-12,6848 
2009-Nov-13,7183 
2009-Nov-16,7326 
2009-Nov-17,7683 
2009-Nov-18,8243 
2009-Nov-19,8056 
2009-Nov-20,7542 
2009-Nov-23,7343 
2009-Nov-24,7157 
2009-Nov-25,6928 
2009-Nov-26,6699 
2009-Nov-27,6353 
2009-Nov-30,6189 
2009-Dec-01,6127 
2009-Dec-02,6352 
2009-Dec-03,6640 
2009-Dec-04,6655 
2009-Dec-07,6370 
2009-Dec-08,5948 
2009-Dec-09,5679 
2009-Dec-10,5387 
2009-Dec-11,5193 
2009-Dec-14,5132 
2009-Dec-15,5154 
2009-Dec-16,5123 
2009-Dec-17,4875 
2009-Dec-18,4566 
2009-Dec-21,4284 
2009-Dec-22,4041 
2009-Dec-23,3917 
2009-Dec-24,3887 
2010-Jan-04,4197 
2010-Jan-05,4431 
2010-Jan-06,4253 
2010-Jan-07,3824 
2010-Jan-08,3733 
2010-Jan-11,3718 
2010-Jan-12,3759 
2010-Jan-13,3865 
2010-Jan-14,4142 
2010-Jan-15,4375 
2010-Jan-18,4411 
2010-Jan-19,4174 
2010-Jan-20,4059 
2010-Jan-21,4095 
2010-Jan-22,4161 
2010-Jan-25,4204 
2010-Jan-26,4193 
2010-Jan-27,4019 
2010-Jan-28,3706 
2010-Jan-29,3494 
2010-Feb-01,3317 
2010-Feb-02,3302 
2010-Feb-03,3309 
2010-Feb-04,3371 
2010-Feb-05,3474 
2010-Feb-08,3515 
2010-Feb-09,3486 
2010-Feb-10,3310 
2010-Feb-11,3224 
2010-Feb-12,3259 
2010-Feb-15,3270 
2010-Feb-16,3380 
2010-Feb-17,3523 
2010-Feb-18,3570 
2010-Feb-19,3517 
2010-Feb-22,3476 
2010-Feb-23,3392 
2010-Feb-24,3278 
2010-Feb-25,3196 
2010-Feb-26,3174 
2010-Mar-01,3163 
2010-Mar-02,3172 
2010-Mar-03,3344 
2010-Mar-04,3721 
2010-Mar-05,3923 
2010-Mar-08,3877 
2010-Mar-09,3679 
2010-Mar-10,3723 
2010-Mar-11,3894 
2010-Mar-12,4328 
2010-Mar-15,4411 
2010-Mar-16,4056 
2010-Mar-17,3780 
2010-Mar-18,3613 
2010-Mar-19,3522 
2010-Mar-22,3390 
2010-Mar-23,3282 
2010-Mar-24,3259 
2010-Mar-25,3248 
2010-Mar-26,3244 
2010-Mar-29,3245 
2010-Mar-30,3301 
2010-Mar-31,3425 
2010-Apr-01,3429 
2010-Apr-06,3377 
2010-Apr-07,3233 
2010-Apr-08,3073 
2010-Apr-09,2984 
2010-Apr-12,2941 
2010-Apr-13,2945 
2010-Apr-14,3001 
2010-Apr-15,3048 
2010-Apr-16,3071 
2010-Apr-19,3059 
2010-Apr-20,3083 
2010-Apr-21,3176 
2010-Apr-22,3200 
2010-Apr-23,3238 
2010-Apr-26,3277 
2010-Apr-27,3698 
2010-Apr-28,3947 
2010-Apr-29,3998 
2010-Apr-30,3936 
2010-May-04,3892 
2010-May-05,3917 
2010-May-06,4041 
2010-May-07,4348 
2010-May-10,4551 
2010-May-11,4804 
2010-May-12,4878 
2010-May-13,4861 
2010-May-14,4804 
2010-May-17,4711 
2010-May-18,4513 
2010-May-19,4300 
2010-May-20,4192 
2010-May-21,4317 
2010-May-24,4625 
2010-May-25,5262 
2010-May-26,5357 
2010-May-27,5304 
2010-May-28,5217 
2010-Jun-01,5402 
2010-Jun-02,5455 
2010-Jun-03,5275 
2010-Jun-04,5110 
2010-Jun-07,4884 
2010-Jun-08,4553 
2010-Jun-09,4519 
2010-Jun-10,4446 
2010-Jun-11,4276 
2010-Jun-14,3905 
2010-Jun-15,3739 
2010-Jun-16,3488 
2010-Jun-17,3317 
2010-Jun-18,3134 
2010-Jun-21,2920 
2010-Jun-22,2770 
2010-Jun-23,2698 
2010-Jun-24,2695 
2010-Jun-25,2717 
2010-Jun-28,2716 
2010-Jun-29,2713 
2010-Jun-30,2711 
2010-Jul-01,2658 
2010-Jul-02,2627 
2010-Jul-05,2578 
2010-Jul-06,2468 
2010-Jul-07,2291 
2010-Jul-08,2159 
2010-Jul-09,2102 
2010-Jul-12,1949 
2010-Jul-13,1839 
2010-Jul-14,1653 
2010-Jul-15,1640 
2010-Jul-16,1676 
2010-Jul-19,1698 
2010-Jul-20,1757 
2010-Jul-21,1752 
2010-Jul-22,1718 
2010-Jul-23,1708 
2010-Jul-26,1698 
2010-Jul-27,1747 
2010-Jul-28,1801 
2010-Jul-29,1886 
2010-Jul-30,1922 
2010-Aug-02,1922 
2010-Aug-03,1892 
2010-Aug-04,1939 
2010-Aug-05,2029 
2010-Aug-06,2194 
2010-Aug-09,2485 
2010-Aug-10,2724 
2010-Aug-11,3152 
2010-Aug-12,3212 
2010-Aug-13,3210 
2010-Aug-16,3194 
2010-Aug-17,3207 
2010-Aug-18,3225 
2010-Aug-19,3363 
2010-Aug-20,3578 
2010-Aug-23,3777 
2010-Aug-24,3795 
2010-Aug-25,3503 
2010-Aug-26,3362 
2010-Aug-27,3449 
2010-Aug-31,3516 
2010-Sep-01,3643 
2010-Sep-02,3900 
2010-Sep-03,3937 
2010-Sep-06,3857 
2010-Sep-07,3901 
2010-Sep-08,4024 
2010-Sep-09,4017 
2010-Sep-10,4019 
2010-Sep-13,3991 
2010-Sep-14,3933 
2010-Sep-15,3748 
2010-Sep-16,3594 
2010-Sep-17,3481 
2010-Sep-20,3389 
2010-Sep-21,3248 
2010-Sep-22,3108 
2010-Sep-23,3104 
2010-Sep-24,3121 
2010-Sep-27,3197 
2010-Sep-28,3431 
2010-Sep-29,3393 
2010-Sep-30,3370 
2010-Oct-01,3419 
2010-Oct-04,3509 
2010-Oct-05,3786 
2010-Oct-06,3976 
2010-Oct-07,4019 
2010-Oct-08,4076 
2010-Oct-11,4055 
2010-Oct-12,4098 
2010-Oct-13,4173 
2010-Oct-14,4301 
2010-Oct-15,4345 
2010-Oct-18,4363 
2010-Oct-19,4366 
2010-Oct-20,4363 
2010-Oct-21,4356 
2010-Oct-22,4373 
2010-Oct-25,4407 
2010-Oct-26,4448 
2010-Oct-27,4461 
2010-Oct-28,4272 
2010-Oct-29,4262 
2010-Nov-01,4231 
2010-Nov-02,4165 
2010-Nov-03,4060 
2010-Nov-04,4011 
2010-Nov-05,3994 
2010-Nov-08,3984 
2010-Nov-09,3938 
2010-Nov-10,3882 
2010-Nov-11,3695 
2010-Nov-12,3612 
2010-Nov-15,3530 
2010-Nov-16,3490 
2010-Nov-17,3492 
2010-Nov-18,3496 
2010-Nov-19,3526 
2010-Nov-22,3585 
2010-Nov-23,3593 
2010-Nov-24,3539 
2010-Nov-25,3381 
2010-Nov-26,3233 
2010-Nov-29,3095 
2010-Nov-30,2910 
2010-Dec-01,2869 
2010-Dec-02,2919 
2010-Dec-03,2983 
2010-Dec-06,2987 
2010-Dec-07,2929 
2010-Dec-08,2832 
2010-Dec-09,2731 
2010-Dec-10,2694 
2010-Dec-13,2663 
2010-Dec-14,2676 
2010-Dec-15,2687 
2010-Dec-16,2709 
2010-Dec-17,2723 
2010-Dec-20,2671 
2010-Dec-21,2557 
2010-Dec-22,2440 
2010-Dec-23,2379 
2010-Dec-24,2346 
2011-Jan-04,2285 
2011-Jan-05,2137 
2011-Jan-06,1963 
2011-Jan-07,1865 
2011-Jan-10,1788 
2011-Jan-11,1719 
2011-Jan-12,1637 
2011-Jan-13,1607 
2011-Jan-14,1594 
2011-Jan-17,1590 
2011-Jan-18,1586 
2011-Jan-19,1572 
2011-Jan-20,1566 
2011-Jan-21,1556 
2011-Jan-24,1541 
2011-Jan-25,1494 
2011-Jan-26,1447 
2011-Jan-27,1403 
2011-Jan-28,1368 
2011-Jan-31,1351 
2011-Feb-01,1337 
2011-Feb-02,1321 
2011-Feb-03,1298 
2011-Feb-04,1299 
2011-Feb-07,1281 
2011-Feb-08,1289 
2011-Feb-09,1334 
2011-Feb-10,1411 
2011-Feb-11,1475 
2011-Feb-14,1494 
2011-Feb-15,1488 
2011-Feb-16,1477 
2011-Feb-17,1455 
2011-Feb-18,1442 
2011-Feb-21,1424 
2011-Feb-22,1390 
2011-Feb-23,1345 
2011-Feb-24,1319 
2011-Feb-25,1315 
2011-Feb-28,1310 
2011-Mar-01,1314 
2011-Mar-02,1337 
2011-Mar-03,1390 
2011-Mar-04,1427 
2011-Mar-07,1507 
2011-Mar-08,1595 
2011-Mar-09,1699 
2011-Mar-10,1856 
2011-Mar-11,1891 
2011-Mar-14,1865 
2011-Mar-15,1811 
2011-Mar-16,1744 
2011-Mar-17,1702 
2011-Mar-18,1687 
2011-Mar-21,1679 
2011-Mar-22,1701 
2011-Mar-23,1754 
2011-Mar-24,1798 
2011-Mar-25,1805 
2011-Mar-28,1807 
2011-Mar-29,1785 
2011-Mar-30,1756 
2011-Mar-31,1768 
2011-Apr-01,1792 
2011-Apr-04,1779 
2011-Apr-05,1728 
2011-Apr-06,1674 
2011-Apr-07,1638 
2011-Apr-08,1612 
2011-Apr-11,1590 
2011-Apr-12,1576 
2011-Apr-13,1570 
2011-Apr-14,1573 
2011-Apr-15,1564 
2011-Apr-18,1552 
2011-Apr-19,1538 
2011-Apr-20,1540 
2011-Apr-21,1540 
2011-Apr-26,1546 
2011-Apr-27,1566 
2011-Apr-28,1564 
2011-May-03,1572 
2011-May-04,1560 
2011-May-05,1542 
2011-May-06,1566 
2011-May-09,1557 
2011-May-10,1529 
2011-May-11,1509 
2011-May-12,1498 
2011-May-13,1494 
2011-May-16,1475 
2011-May-17,1457 
2011-May-18,1459 
2011-May-19,1604 
2011-May-20,1633 
2011-May-23,1651 
2011-May-24,1690 
2011-May-25,1759 
2011-May-26,1794 
2011-May-27,1821 
2011-May-31,1874 
2011-Jun-01,1912 
2011-Jun-02,1934 
2011-Jun-03,1939 
2011-Jun-06,1933 
2011-Jun-07,1860 
2011-Jun-08,1801 
2011-Jun-09,1767 
2011-Jun-10,1735 
2011-Jun-13,1732 
2011-Jun-14,1694 
2011-Jun-15,1716 
2011-Jun-16,1796 
2011-Jun-17,1824 
2011-Jun-20,1836 
2011-Jun-21,1835 
2011-Jun-22,1859 
2011-Jun-23,1905 
2011-Jun-24,1974 
2011-Jun-27,2053 
2011-Jun-28,2082 
2011-Jun-29,2048 
2011-Jun-30,2036 
2011-Jul-01,2045 
2011-Jul-04,2052 
2011-Jul-05,2082 
2011-Jul-06,2116 
2011-Jul-07,2126 
2011-Jul-08,2115 
2011-Jul-11,2084 
2011-Jul-12,2022 
2011-Jul-13,1965 
2011-Jul-14,1943 
2011-Jul-15,1918 
2011-Jul-18,1900 
2011-Jul-19,1884 
2011-Jul-20,1866 
2011-Jul-21,1851 
2011-Jul-22,1841 
2011-Jul-25,1827 
2011-Jul-26,1816 
2011-Jul-27,1800 
2011-Jul-28,1767 
2011-Jul-29,1749 
2011-Aug-01,1738 
2011-Aug-02,1749 
2011-Aug-03,1775 
2011-Aug-04,1807 
2011-Aug-05,1804 
2011-Aug-08,1793 
2011-Aug-09,1783 
2011-Aug-10,1810 
2011-Aug-11,1836 
2011-Aug-12,1851 
2011-Aug-15,1870 
2011-Aug-16,1951 
2011-Aug-17,2015 
2011-Aug-18,2124 
2011-Aug-19,2220 
2011-Aug-22,2324 
2011-Aug-23,2446 
2011-Aug-24,2556 
2011-Aug-25,2466 
2011-Aug-26,2346 
2011-Aug-30,2333 
2011-Aug-31,2598 
2011-Sep-01,2807 
2011-Sep-02,2975 
2011-Sep-05,2995 
2011-Sep-06,3010 
2011-Sep-07,2938 
2011-Sep-08,3048 
2011-Sep-09,3185 
2011-Sep-12,3270 
2011-Sep-13,3309 
2011-Sep-14,3342 
2011-Sep-15,3267 
2011-Sep-16,3008 
2011-Sep-19,2847 
2011-Sep-20,2942 
2011-Sep-21,3012 
2011-Sep-22,3244 
2011-Sep-23,3335 
2011-Sep-26,3344 
2011-Sep-27,3318 
2011-Sep-28,3268 
2011-Sep-29,3207 
2011-Sep-30,3136 
2011-Oct-03,3063 
2011-Oct-04,3021 
2011-Oct-05,3043 
2011-Oct-06,3162 
2011-Oct-07,3218 
2011-Oct-10,3275 
2011-Oct-11,3474 
2011-Oct-12,3486 
2011-Oct-13,3546 
2011-Oct-14,3587 
2011-Oct-17,3539 
2011-Oct-18,3451 
2011-Oct-19,3473 
2011-Oct-20,3565 
2011-Oct-21,3566 
2011-Oct-24,3597 
2011-Oct-25,3638 
2011-Oct-26,3612 
2011-Oct-27,3481 
2011-Oct-28,3274 
2011-Oct-31,3132 
2011-Nov-01,3003 
2011-Nov-02,2906 
2011-Nov-03,2829 
2011-Nov-04,2788 
2011-Nov-07,2779 
2011-Nov-08,2823 
2011-Nov-09,2993 
2011-Nov-10,3162 
2011-Nov-11,3150 
2011-Nov-14,3081 
2011-Nov-15,3108 
2011-Nov-16,3223 
2011-Nov-17,3258 
2011-Nov-18,3235 
2011-Nov-21,3188 
2011-Nov-22,3146 
2011-Nov-23,3083 
2011-Nov-24,3042 
2011-Nov-25,3049 
2011-Nov-28,3083 
2011-Nov-29,3198 
2011-Nov-30,3298 
2011-Dec-01,3386 
2011-Dec-02,3409 
2011-Dec-05,3390 
2011-Dec-06,3387 
2011-Dec-07,3405 
2011-Dec-08,3529 
2011-Dec-09,3697 
2011-Dec-12,3725 
2011-Dec-13,3695 
2011-Dec-14,3652 
2011-Dec-15,3571 
2011-Dec-16,3572 
2011-Dec-19,3571 
2011-Dec-20,3565 
2011-Dec-21,3526 
2011-Dec-22,3406 
2011-Dec-23,3287 
2012-Jan-03,2955 
2012-Jan-04,2768 
2012-Jan-05,2471 
2012-Jan-06,2304 
2012-Jan-09,2229 
2012-Jan-10,2115 
2012-Jan-11,1992 
2012-Jan-12,1798 
2012-Jan-13,1723 
2012-Jan-16,1681 
2012-Jan-17,1631 
2012-Jan-18,1583 
2012-Jan-19,1559 
2012-Jan-20,1554 
2012-Jan-23,1547 
2012-Jan-24,1512 
2012-Jan-25,1497 
2012-Jan-26,1477 
2012-Jan-27,1465 
2012-Jan-30,1456 
2012-Jan-31,1447 
2012-Feb-01,1446 
2012-Feb-02,1445 
2012-Feb-03,1436 
2012-Feb-06,1438 
2012-Feb-07,1444 
2012-Feb-08,1448 
2012-Feb-09,1456 
2012-Feb-10,1457 
2012-Feb-13,1463 
2012-Feb-14,1468 
2012-Feb-15,1466 
2012-Feb-16,1464 
2012-Feb-17,1461 
2012-Feb-20,1456 
2012-Feb-21,1452 
2012-Feb-22,1460 
2012-Feb-23,1471 
2012-Feb-24,1504 
2012-Feb-27,1525 
2012-Feb-28,1531 
2012-Feb-29,1531 
2012-Mar-01,1527 
2012-Mar-02,1525 
2012-Mar-05,1523 
2012-Mar-06,1516 
2012-Mar-07,1515 
2012-Mar-08,1506 
2012-Mar-09,1503 
2012-Mar-12,1496 
2012-Mar-13,1482 
2012-Mar-14,1479 
2012-Mar-15,1475 
2012-Mar-16,1466 
2012-Mar-19,1449 
2012-Mar-20,1416 
2012-Mar-21,1404 
2012-Mar-22,1384 
2012-Mar-23,1369 
2012-Mar-26,1354 
2012-Mar-27,1354 
2012-Mar-28,1361 
2012-Mar-29,1386 
2012-Mar-30,1412 
2012-Apr-02,1427 
2012-Apr-03,1456 
2012-Apr-04,1475 
2012-Apr-05,1507 
2012-Apr-10,1531 
2012-Apr-11,1561 
2012-Apr-12,1576 
2012-Apr-13,1572 
2012-Apr-16,1547 
2012-Apr-17,1542 
2012-Apr-18,1534 
2012-Apr-19,1534 
2012-Apr-20,1533 
2012-Apr-23,1524 
2012-Apr-24,1521 
2012-Apr-25,1514 
2012-Apr-26,1505 
2012-Apr-27,1499 
2012-Apr-30,1496 
2012-May-01,1494 
2012-May-02,1495 
2012-May-03,1527 
2012-May-04,1576 
2012-May-08,1625 
2012-May-09,1628 
2012-May-10,1618 
2012-May-11,1614 
2012-May-14,1612 
2012-May-15,1613 
2012-May-16,1632 
2012-May-17,1638 
2012-May-18,1633 
2012-May-21,1626 
2012-May-22,1602 
2012-May-23,1539 
2012-May-24,1457 
2012-May-25,1424 
2012-May-28,1404 
2012-May-29,1377 
2012-May-30,1342 
2012-May-31,1319 
2012-Jun-01,1298 
2012-Jun-06,1252 
2012-Jun-07,1232 
2012-Jun-08,1223 
2012-Jun-11,1221 
2012-Jun-12,1212 
2012-Jun-13,1196 
2012-Jun-14,1162 
2012-Jun-15,1148 
2012-Jun-18,1138 
2012-Jun-19,1140 
2012-Jun-20,1145 
2012-Jun-21,1152 
2012-Jun-22,1155 
2012-Jun-25,1160 
2012-Jun-26,1168 
2012-Jun-27,1182 
2012-Jun-28,1184 
2012-Jun-29,1190 
2012-Jul-02,1204 
2012-Jul-03,1290 
2012-Jul-04,1369 
2012-Jul-05,1455 
2012-Jul-06,1493 
2012-Jul-09,1501 
2012-Jul-10,1484 
2012-Jul-11,1428 
2012-Jul-12,1352 
2012-Jul-13,1320 
2012-Jul-16,1310 
2012-Jul-17,1301 
2012-Jul-18,1286 
2012-Jul-19,1276 
2012-Jul-20,1276 
2012-Jul-23,1275 
2012-Jul-24,1261 
2012-Jul-25,1239 
2012-Jul-26,1224 
2012-Jul-27,1209 
2012-Jul-30,1200 
2012-Jul-31,1194 
2012-Aug-01,1181 
2012-Aug-02,1178 
2012-Aug-03,1200 
2012-Aug-06,1214 
2012-Aug-07,1237 
2012-Aug-08,1204 
2012-Aug-09,1192 
2012-Aug-10,1169 
2012-Aug-13,1158 
2012-Aug-14,1147 
2012-Aug-15,1120 
2012-Aug-16,1105 
2012-Aug-17,1095 
2012-Aug-20,1087 
2012-Aug-21,1082 
2012-Aug-22,1091 
2012-Aug-23,1103 
2012-Aug-24,1124 
2012-Aug-28,1182 
2012-Aug-29,1177 
2012-Aug-30,1169 
2012-Aug-31,1172 
2012-Sep-03,1180 
2012-Sep-04,1186 
2012-Sep-05,1188 
2012-Sep-06,1186 
2012-Sep-07,1186 
2012-Sep-10,1188 
2012-Sep-11,1187 
2012-Sep-12,1186 
2012-Sep-13,1198 
2012-Sep-14,1204 
2012-Sep-17,1219 
2012-Sep-18,1326 
2012-Sep-19,1421 
2012-Sep-20,1531 
2012-Sep-21,1584 
2012-Sep-24,1578 
2012-Sep-25,1568 
2012-Sep-26,1549 
2012-Sep-27,1548 
2012-Sep-28,1621 
2012-Oct-01,1660 
2012-Oct-02,1676 
2012-Oct-03,1738 
2012-Oct-04,1873 
2012-Oct-05,1932 
2012-Oct-08,1921 
2012-Oct-09,1829 
2012-Oct-10,1775 
2012-Oct-11,1833 
2012-Oct-12,1914 
2012-Oct-15,1960 
2012-Oct-16,2103 
2012-Oct-17,2162 
2012-Oct-18,2135 
2012-Oct-19,2217 
2012-Oct-22,2332 
2012-Oct-23,2587 
2012-Oct-24,2530 
2012-Oct-25,2432 
2012-Oct-26,2451 
2012-Oct-29,2460 
2012-Oct-30,2458 
2012-Oct-31,2419 
2012-Nov-01,2355 
2012-Nov-02,2304 
2012-Nov-05,2261 
2012-Nov-06,2186 
2012-Nov-07,2098 
2012-Nov-08,2119 
2012-Nov-09,2203 
2012-Nov-12,2283 
2012-Nov-13,2327 
2012-Nov-14,2375 
2012-Nov-15,2350 
2012-Nov-16,2347 
2012-Nov-19,2369 
2012-Nov-20,2367 
2012-Nov-21,2335 
2012-Nov-22,2318 
2012-Nov-23,2288 
2012-Nov-26,2277 
2012-Nov-27,2275 
2012-Nov-28,2275 
2012-Nov-29,2241 
2012-Nov-30,2199 
2012-Dec-03,2166 
2012-Dec-04,2095 
2012-Dec-05,2000 
2012-Dec-06,1897 
2012-Dec-07,1832 
2012-Dec-10,1762 
2012-Dec-11,1652 
2012-Dec-12,1446 
2012-Dec-13,1407 
2012-Dec-14,1440 
2012-Dec-17,1403 
2012-Dec-18,1315 
2012-Dec-19,1233 
2012-Dec-20,1226 
2012-Dec-21,1228 
2012-Dec-24,1235 
2013-Jan-02,1237 
2013-Jan-03,1254 
2013-Jan-04,1285 
2013-Jan-07,1319 
2013-Jan-08,1386 
2013-Jan-09,1384 
2013-Jan-10,1367 
2013-Jan-11,1367 
2013-Jan-14,1370 
2013-Jan-15,1365 
2013-Jan-16,1431 
2013-Jan-17,1573 
2013-Jan-18,1605 
2013-Jan-21,1604 
2013-Jan-22,1577 
2013-Jan-23,1564 
2013-Jan-24,1541 
2013-Jan-25,1520 
2013-Jan-28,1507 
2013-Jan-29,1491 
2013-Jan-30,1477 
2013-Jan-31,1468 
2013-Feb-01,1454 
2013-Feb-04,1461 
2013-Feb-05,1466 
2013-Feb-06,1484 
2013-Feb-07,1481 
2013-Feb-08,1461 
2013-Feb-11,1453 
2013-Feb-12,1448 
2013-Feb-13,1448 
2013-Feb-14,1429 
2013-Feb-15,1434 
2013-Feb-18,1408 
2013-Feb-19,1377 
2013-Feb-20,1355 
2013-Feb-21,1344 
2013-Feb-22,1335 
2013-Feb-25,1323 
2013-Feb-26,1291 
2013-Feb-27,1264 
2013-Feb-28,1249 
2013-Mar-01,1243 
2013-Mar-04,1239 
2013-Mar-05,1246 
2013-Mar-06,1251 
2013-Mar-07,1260 
2013-Mar-08,1262 
2013-Mar-11,1260 
2013-Mar-12,1314 
2013-Mar-13,1314 
2013-Mar-14,1302 
2013-Mar-15,1299 
2013-Mar-18,1295 
2013-Mar-19,1290 
2013-Mar-20,1294 
2013-Mar-21,1290 
2013-Mar-22,1284 
2013-Mar-25,1284 
2013-Mar-26,1275 
2013-Mar-27,1258 
2013-Mar-28,1249 
2013-Apr-02,1229 
2013-Apr-03,1209 
2013-Apr-04,1209 
2013-Apr-05,1215 
2013-Apr-08,1223 
2013-Apr-09,1236 
2013-Apr-10,1250 
2013-Apr-11,1257 
2013-Apr-12,1265 
2013-Apr-15,1257 
2013-Apr-16,1251 
2013-Apr-17,1245 
2013-Apr-18,1238 
2013-Apr-19,1234 
2013-Apr-22,1230 
2013-Apr-23,1220 
2013-Apr-24,1214 
2013-Apr-25,1220 
2013-Apr-26,1246 
2013-Apr-29,1260 
2013-Apr-30,1273 
2013-May-01,1279 
2013-May-02,1322 
2013-May-03,1344 
2013-May-07,1393 
2013-May-08,1408 
2013-May-09,1398 
2013-May-10,1382 
2013-May-13,1370 
2013-May-14,1360 
2013-May-15,1338 
2013-May-16,1334 
2013-May-17,1326 
2013-May-20,1317 
2013-May-21,1321 
2013-May-22,1333 
2013-May-23,1339 
2013-May-24,1350 
2013-May-28,1346 
2013-May-29,1348 
2013-May-30,1339 
2013-May-31,1336 
2013-Jun-03,1333 
2013-Jun-04,1338 
2013-Jun-05,1335 
2013-Jun-06,1344 
2013-Jun-07,1352 
2013-Jun-10,1359 
2013-Jun-11,1379 
2013-Jun-12,1427 
2013-Jun-13,1484 
2013-Jun-14,1537 
2013-Jun-17,1588 
2013-Jun-18,1674 
2013-Jun-19,1757 
2013-Jun-20,1792 
2013-Jun-21,1822 
2013-Jun-24,1912 
2013-Jun-25,1959 
2013-Jun-26,2061 
2013-Jun-27,2120 
2013-Jun-28,2165 
2013-Jul-01,2176 
2013-Jul-02,2134 
2013-Jul-03,2020 
2013-Jul-04,1936 
2013-Jul-05,1929 
2013-Jul-08,1977 
2013-Jul-09,2012 
2013-Jul-10,2037 
2013-Jul-11,2047 
2013-Jul-12,2058 
2013-Jul-15,2052 
2013-Jul-16,2044 
2013-Jul-17,2034 
2013-Jul-18,2006 
2013-Jul-19,1987 
2013-Jul-22,1978 
2013-Jul-23,1956 
2013-Jul-24,1936 
2013-Jul-25,1890 
2013-Jul-26,1873 
2013-Jul-29,1864 
2013-Jul-30,1856 
2013-Jul-31,1881 
2013-Aug-01,1935 
2013-Aug-02,1950 
2013-Aug-05,1939 
2013-Aug-06,1907 
2013-Aug-07,1853 
2013-Aug-08,1829 
2013-Aug-09,1813 
2013-Aug-12,1805 
2013-Aug-13,1846 
2013-Aug-14,2021 
2013-Aug-15,2099 
2013-Aug-16,2112 
2013-Aug-19,2140 
2013-Aug-20,2218 
2013-Aug-21,2268 
2013-Aug-22,2284 
2013-Aug-23,2312 
2013-Aug-27,2335 
2013-Aug-28,2284 
2013-Aug-29,2256 
2013-Aug-30,2243 
2013-Sep-02,2263 
2013-Sep-03,2344 
2013-Sep-04,2445 
2013-Sep-05,2660 
2013-Sep-06,2799 
2013-Sep-09,3113 
2013-Sep-10,3255 
2013-Sep-11,3431 
2013-Sep-12,3397 
2013-Sep-13,3446 
2013-Sep-16,3480 
2013-Sep-17,3691 
2013-Sep-18,3838 
2013-Sep-19,3924 
2013-Sep-20,4018 
2013-Sep-23,4111 
2013-Sep-24,4253 
2013-Sep-25,4329 
2013-Sep-26,4193 
2013-Sep-27,3967 
2013-Sep-30,3853 
2013-Oct-01,3816 
2013-Oct-02,3810 
2013-Oct-03,3878 
2013-Oct-04,3943 
2013-Oct-07,4020 
2013-Oct-08,4085 
2013-Oct-09,3959 
2013-Oct-10,3621 
2013-Oct-11,3527 
2013-Oct-14,3455 
2013-Oct-15,3469 
2013-Oct-16,3478 
2013-Oct-17,3451 
2013-Oct-18,3264 
2013-Oct-21,3200 
2013-Oct-22,3110 
2013-Oct-23,2943 
2013-Oct-24,2775 
2013-Oct-25,2681 
2013-Oct-28,2526 
2013-Oct-29,2340 
2013-Oct-30,2164 
2013-Oct-31,2245 
2013-Nov-01,2316 
2013-Nov-04,2400 
2013-Nov-05,2553 
2013-Nov-06,2554 
2013-Nov-07,2533 
2013-Nov-08,2514 
2013-Nov-11,2506 
2013-Nov-12,2473 
2013-Nov-13,2455 
2013-Nov-14,2397 
2013-Nov-15,2377 
2013-Nov-18,2366 
2013-Nov-19,2366 
2013-Nov-20,2511 
2013-Nov-21,2447 
2013-Nov-22,2390 
2013-Nov-25,2391 
2013-Nov-26,2399 
2013-Nov-27,2496 
2013-Nov-28,2848 
2013-Nov-29,3089 
2013-Dec-02,3194 
2013-Dec-03,3316 
2013-Dec-04,3481 
2013-Dec-05,3843 
2013-Dec-06,3842 
2013-Dec-09,3831 
2013-Dec-10,4011 
2013-Dec-11,4210 
2013-Dec-12,4291 
2013-Dec-13,4246 
2013-Dec-16,4065 
2013-Dec-17,3818 
2013-Dec-18,3638 
2013-Dec-19,3596 
2013-Dec-20,3875 
2013-Dec-23,3996 
2013-Dec-24,4078 
2014-Jan-02,3733 
2014-Jan-03,3531 
2014-Jan-06,3287 
2014-Jan-07,3017 
2014-Jan-08,2818 
2014-Jan-09,2500 
2014-Jan-10,2101 
2014-Jan-13,1857 
2014-Jan-14,1832 
2014-Jan-15,1862 
2014-Jan-16,1929 
2014-Jan-17,2026 
2014-Jan-20,2082 
2014-Jan-21,1973 
2014-Jan-22,1880 
2014-Jan-23,1775 
2014-Jan-24,1723 
2014-Jan-27,1673 
2014-Jan-28,1577 
2014-Jan-29,1531 
2014-Jan-30,1527 
2014-Jan-31,1524 
2014-Feb-03,1516 
2014-Feb-04,1513 
2014-Feb-05,1544 
2014-Feb-06,1575 
2014-Feb-07,1588 
2014-Feb-10,1611 
2014-Feb-11,1581 
2014-Feb-12,1548 
2014-Feb-13,1557 
2014-Feb-14,1554 
2014-Feb-17,1625 
2014-Feb-18,1667 
2014-Feb-19,1690 
2014-Feb-20,1680 
2014-Feb-21,1701 
2014-Feb-24,1707 
2014-Feb-25,1775 
2014-Feb-26,1912 
2014-Feb-27,2049 
2014-Feb-28,2084 
2014-Mar-03,2180 
2014-Mar-04,2326 
2014-Mar-05,2596 
2014-Mar-06,2830 
2014-Mar-07,2980 
2014-Mar-10,3023 
2014-Mar-11,3045 
2014-Mar-12,2600 
2014-Mar-13,2654 
2014-Mar-14,2677 
2014-Mar-17,2691 
2014-Mar-18,2818 
2014-Mar-19,2982 
2014-Mar-20,3129 
2014-Mar-21,3036 
2014-Mar-24,3055 
2014-Mar-25,2993 
2014-Mar-26,2761 
2014-Mar-27,2579 
2014-Mar-28,2557 
2014-Mar-31,2573 
2014-Apr-01,2505 
2014-Apr-02,2418 
2014-Apr-03,2343 
2014-Apr-04,2306 
2014-Apr-07,2293 
2014-Apr-08,2029 
2014-Apr-09,1946 
2014-Apr-10,1865 
2014-Apr-11,1789 
2014-Apr-14,1765 
2014-Apr-15,1724 
2014-Apr-16,1613 
2014-Apr-17,1591 
2014-Apr-22,1616 
2014-Apr-23,1674 
2014-Apr-24,1692 
2014-Apr-25,1696 
2014-Apr-28,1668 
2014-Apr-29,1613 
2014-Apr-30,1600 
2014-May-01,1716 
