date,bdi
1999-Nov-01,1334 
1999-Nov-02,1320 
1999-Nov-03,1313 
1999-Nov-04,1301 
1999-Nov-05,1296 
1999-Nov-08,1297 
1999-Nov-09,1301 
1999-Nov-10,1311 
1999-Nov-11,1325 
1999-Nov-12,1335 
1999-Nov-15,1342 
1999-Nov-16,1346 
1999-Nov-17,1349 
1999-Nov-18,1350 
1999-Nov-19,1354 
1999-Nov-22,1356 
1999-Nov-23,1355 
1999-Nov-24,1354 
1999-Nov-25,1356 
1999-Nov-26,1355 
1999-Nov-29,1355 
1999-Nov-30,1351 
1999-Dec-01,1344 
1999-Dec-02,1342 
1999-Dec-03,1341 
1999-Dec-06,1341 
1999-Dec-07,1344 
1999-Dec-08,1349 
1999-Dec-09,1356 
1999-Dec-10,1360 
1999-Dec-13,1360 
1999-Dec-14,1358 
1999-Dec-15,1353 
1999-Dec-16,1349 
1999-Dec-17,1343 
1999-Dec-20,1334 
1999-Dec-21,1329 
1999-Dec-22,1324 
1999-Dec-23,1320 
1999-Dec-24,1319 
2000-Jan-04,1320 
2000-Jan-05,1329 
2000-Jan-06,1351 
2000-Jan-07,1368 
2000-Jan-10,1376 
2000-Jan-11,1388 
2000-Jan-12,1396 
2000-Jan-13,1403 
2000-Jan-14,1404 
2000-Jan-17,1406 
2000-Jan-18,1405 
2000-Jan-19,1400 
2000-Jan-20,1393 
2000-Jan-21,1384 
2000-Jan-24,1378 
2000-Jan-25,1368 
2000-Jan-26,1354 
2000-Jan-27,1340 
2000-Jan-28,1329 
2000-Jan-31,1319 
2000-Feb-01,1311 
2000-Feb-02,1296 
2000-Feb-03,1286 
2000-Feb-04,1280 
2000-Feb-07,1276 
2000-Feb-08,1277 
2000-Feb-09,1293 
2000-Feb-10,1317 
2000-Feb-11,1345 
2000-Feb-14,1365 
2000-Feb-15,1393 
2000-Feb-16,1419 
2000-Feb-17,1438 
2000-Feb-18,1454 
2000-Feb-21,1466 
2000-Feb-22,1481 
2000-Feb-23,1491 
2000-Feb-24,1501 
2000-Feb-25,1511 
2000-Feb-28,1521 
2000-Feb-29,1531 
2000-Mar-01,1547 
2000-Mar-02,1561 
2000-Mar-03,1578 
2000-Mar-06,1588 
2000-Mar-07,1602 
2000-Mar-08,1618 
2000-Mar-09,1634 
2000-Mar-10,1645 
2000-Mar-13,1649 
2000-Mar-14,1645 
2000-Mar-15,1640 
2000-Mar-16,1633 
2000-Mar-17,1630 
2000-Mar-20,1628 
2000-Mar-21,1624 
2000-Mar-22,1620 
2000-Mar-23,1617 
2000-Mar-24,1618 
2000-Mar-27,1623 
2000-Mar-28,1627 
2000-Mar-29,1638 
2000-Mar-30,1651 
2000-Mar-31,1660 
2000-Apr-03,1669 
2000-Apr-04,1676 
2000-Apr-05,1679 
2000-Apr-06,1682 
2000-Apr-07,1684 
2000-Apr-10,1686 
2000-Apr-11,1684 
2000-Apr-12,1681 
2000-Apr-13,1679 
2000-Apr-14,1676 
2000-Apr-17,1674 
2000-Apr-18,1670 
2000-Apr-19,1661 
2000-Apr-20,1656 
2000-Apr-25,1647 
2000-Apr-26,1641 
2000-Apr-27,1635 
2000-Apr-28,1628 
2000-May-02,1622 
2000-May-03,1615 
2000-May-04,1609 
2000-May-05,1609 
2000-May-08,1607 
2000-May-09,1609 
2000-May-10,1611 
2000-May-11,1614 
2000-May-12,1616 
2000-May-15,1615 
2000-May-16,1612 
2000-May-17,1610 
2000-May-18,1609 
2000-May-19,1607 
2000-May-22,1606 
2000-May-23,1598 
2000-May-24,1589 
2000-May-25,1582 
2000-May-26,1576 
2000-May-30,1569 
2000-May-31,1566 
2000-Jun-01,1562 
2000-Jun-02,1562 
2000-Jun-05,1561 
2000-Jun-06,1559 
2000-Jun-07,1559 
2000-Jun-08,1562 
2000-Jun-09,1564 
2000-Jun-12,1566 
2000-Jun-13,1569 
2000-Jun-14,1570 
2000-Jun-15,1577 
2000-Jun-16,1586 
2000-Jun-19,1592 
2000-Jun-20,1599 
2000-Jun-21,1612 
2000-Jun-22,1620 
2000-Jun-23,1624 
2000-Jun-26,1626 
2000-Jun-27,1625 
2000-Jun-28,1621 
2000-Jun-29,1618 
2000-Jun-30,1616 
2000-Jul-03,1613 
2000-Jul-04,1610 
2000-Jul-05,1607 
2000-Jul-06,1603 
2000-Jul-07,1601 
2000-Jul-10,1600 
2000-Jul-11,1601 
2000-Jul-12,1604 
2000-Jul-13,1609 
2000-Jul-14,1616 
2000-Jul-17,1621 
2000-Jul-18,1626 
2000-Jul-19,1628 
2000-Jul-20,1629 
2000-Jul-21,1628 
2000-Jul-24,1629 
2000-Jul-25,1629 
2000-Jul-26,1628 
2000-Jul-27,1628 
2000-Jul-28,1634 
2000-Jul-31,1642 
2000-Aug-01,1645 
2000-Aug-02,1646 
2000-Aug-03,1648 
2000-Aug-04,1650 
2000-Aug-07,1651 
2000-Aug-08,1647 
2000-Aug-09,1642 
2000-Aug-10,1641 
2000-Aug-11,1640 
2000-Aug-14,1637 
2000-Aug-15,1634 
2000-Aug-16,1632 
2000-Aug-17,1631 
2000-Aug-18,1629 
2000-Aug-21,1628 
2000-Aug-22,1627 
2000-Aug-23,1629 
2000-Aug-24,1633 
2000-Aug-25,1638 
2000-Aug-29,1641 
2000-Aug-30,1645 
2000-Aug-31,1652 
2000-Sep-01,1661 
2000-Sep-04,1666 
2000-Sep-05,1671 
2000-Sep-06,1676 
2000-Sep-07,1689 
2000-Sep-08,1696 
2000-Sep-11,1701 
2000-Sep-12,1705 
2000-Sep-13,1708 
2000-Sep-14,1711 
2000-Sep-15,1714 
2000-Sep-18,1719 
2000-Sep-19,1725 
2000-Sep-20,1732 
2000-Sep-21,1737 
2000-Sep-22,1738 
2000-Sep-25,1740 
2000-Sep-26,1739 
2000-Sep-27,1738 
2000-Sep-28,1737 
2000-Sep-29,1739 
2000-Oct-02,1735 
2000-Oct-03,1729 
2000-Oct-04,1726 
2000-Oct-05,1721 
2000-Oct-06,1720 
2000-Oct-09,1719 
2000-Oct-10,1719 
2000-Oct-11,1718 
2000-Oct-12,1718 
2000-Oct-13,1721 
2000-Oct-16,1724 
2000-Oct-17,1727 
2000-Oct-18,1732 
2000-Oct-19,1736 
2000-Oct-20,1740 
2000-Oct-23,1744 
2000-Oct-24,1748 
2000-Oct-25,1751 
2000-Oct-26,1754 
2000-Oct-27,1756 
2000-Oct-30,1758 
2000-Oct-31,1759 
2000-Nov-01,1759 
2000-Nov-02,1761 
2000-Nov-03,1762 
2000-Nov-06,1761 
2000-Nov-07,1759 
2000-Nov-08,1759 
2000-Nov-09,1752 
2000-Nov-10,1747 
2000-Nov-13,1742 
2000-Nov-14,1732 
2000-Nov-15,1723 
2000-Nov-16,1716 
2000-Nov-17,1711 
2000-Nov-20,1708 
2000-Nov-21,1701 
2000-Nov-22,1696 
2000-Nov-23,1693 
2000-Nov-24,1691 
2000-Nov-27,1688 
2000-Nov-28,1683 
2000-Nov-29,1678 
2000-Nov-30,1672 
2000-Dec-01,1664 
2000-Dec-04,1657 
2000-Dec-05,1647 
2000-Dec-06,1639 
2000-Dec-07,1633 
2000-Dec-08,1621 
2000-Dec-11,1614 
2000-Dec-12,1598 
2000-Dec-13,1587 
2000-Dec-14,1581 
2000-Dec-15,1582 
2000-Dec-18,1584 
2000-Dec-19,1588 
2000-Dec-20,1592 
2000-Dec-21,1596 
2000-Dec-22,1598 
2000-Dec-27,1600 
2000-Dec-28,1598 
2000-Dec-29,1599 
2001-Jan-02,1599 
2001-Jan-03,1596 
2001-Jan-04,1594 
2001-Jan-05,1591 
2001-Jan-08,1591 
2001-Jan-09,1593 
2001-Jan-10,1592 
2001-Jan-11,1587 
2001-Jan-12,1582 
2001-Jan-15,1581 
2001-Jan-16,1579 
2001-Jan-17,1573 
2001-Jan-18,1567 
2001-Jan-19,1566 
2001-Jan-22,1559 
2001-Jan-23,1552 
2001-Jan-24,1543 
2001-Jan-25,1537 
2001-Jan-26,1528 
2001-Jan-29,1523 
2001-Jan-30,1514 
2001-Jan-31,1504 
2001-Feb-01,1493 
2001-Feb-02,1488 
2001-Feb-05,1480 
2001-Feb-06,1472 
2001-Feb-07,1461 
2001-Feb-08,1455 
2001-Feb-09,1449 
2001-Feb-12,1445 
2001-Feb-13,1445 
2001-Feb-14,1446 
2001-Feb-15,1453 
2001-Feb-16,1461 
2001-Feb-19,1469 
2001-Feb-20,1477 
2001-Feb-21,1488 
2001-Feb-22,1501 
2001-Feb-23,1510 
2001-Feb-26,1522 
2001-Feb-27,1531 
2001-Feb-28,1537 
2001-Mar-01,1538 
2001-Mar-02,1537 
2001-Mar-05,1537 
2001-Mar-06,1527 
2001-Mar-07,1520 
2001-Mar-08,1511 
2001-Mar-09,1500 
2001-Mar-12,1496 
2001-Mar-13,1493 
2001-Mar-14,1497 
2001-Mar-15,1502 
2001-Mar-16,1506 
2001-Mar-19,1508 
2001-Mar-20,1508 
2001-Mar-21,1508 
2001-Mar-22,1505 
2001-Mar-23,1502 
2001-Mar-26,1496 
2001-Mar-27,1486 
2001-Mar-28,1468 
2001-Mar-29,1452 
2001-Mar-30,1438 
2001-Apr-02,1430 
2001-Apr-03,1424 
2001-Apr-04,1423 
2001-Apr-05,1424 
2001-Apr-06,1427 
2001-Apr-09,1427 
2001-Apr-10,1428 
2001-Apr-11,1428 
2001-Apr-12,1429 
2001-Apr-17,1429 
2001-Apr-18,1432 
2001-Apr-19,1441 
2001-Apr-20,1453 
2001-Apr-23,1462 
2001-Apr-24,1460 
2001-Apr-25,1462 
2001-Apr-26,1463 
2001-Apr-27,1461 
2001-Apr-30,1459 
2001-May-01,1453 
2001-May-02,1453 
2001-May-03,1454 
2001-May-04,1456 
2001-May-08,1460 
2001-May-09,1465 
2001-May-10,1472 
2001-May-11,1478 
2001-May-14,1481 
2001-May-15,1479 
2001-May-16,1473 
2001-May-17,1466 
2001-May-18,1461 
2001-May-21,1452 
2001-May-22,1442 
2001-May-23,1433 
2001-May-24,1423 
2001-May-25,1416 
2001-May-29,1408 
2001-May-30,1400 
2001-May-31,1389 
2001-Jun-01,1382 
2001-Jun-04,1372 
2001-Jun-05,1366 
2001-Jun-06,1360 
2001-Jun-07,1356 
2001-Jun-08,1356 
2001-Jun-11,1355 
2001-Jun-12,1358 
2001-Jun-13,1366 
2001-Jun-14,1373 
2001-Jun-15,1380 
2001-Jun-18,1386 
2001-Jun-19,1387 
2001-Jun-20,1390 
2001-Jun-21,1391 
2001-Jun-22,1392 
2001-Jun-25,1393 
2001-Jun-26,1394 
2001-Jun-27,1393 
2001-Jun-28,1391 
2001-Jun-29,1386 
2001-Jul-02,1380 
2001-Jul-03,1375 
2001-Jul-04,1360 
2001-Jul-05,1347 
2001-Jul-06,1331 
2001-Jul-09,1320 
2001-Jul-10,1303 
2001-Jul-11,1286 
2001-Jul-12,1271 
2001-Jul-13,1256 
2001-Jul-16,1233 
2001-Jul-17,1213 
2001-Jul-18,1190 
2001-Jul-19,1168 
2001-Jul-20,1148 
2001-Jul-23,1138 
2001-Jul-24,1132 
2001-Jul-25,1117 
2001-Jul-26,1102 
2001-Jul-27,1084 
2001-Jul-30,1067 
2001-Jul-31,1049 
2001-Aug-01,1037 
2001-Aug-02,1023 
2001-Aug-03,1021 
2001-Aug-06,1014 
2001-Aug-07,1007 
2001-Aug-08,1001 
2001-Aug-09,992 
2001-Aug-10,982 
2001-Aug-13,975 
2001-Aug-14,971 
2001-Aug-15,963 
2001-Aug-16,967 
2001-Aug-17,978 
2001-Aug-20,979 
2001-Aug-21,976 
2001-Aug-22,973 
2001-Aug-23,968 
2001-Aug-24,961 
2001-Aug-28,955 
2001-Aug-29,949 
2001-Aug-30,939 
2001-Aug-31,927 
2001-Sep-03,918 
2001-Sep-04,910 
2001-Sep-05,903 
2001-Sep-06,898 
2001-Sep-07,899 
2001-Sep-10,902 
2001-Sep-11,908 
2001-Sep-12,918 
2001-Sep-13,924 
2001-Sep-14,934 
2001-Sep-17,950 
2001-Sep-18,974 
2001-Sep-19,987 
2001-Sep-20,994 
2001-Sep-21,995 
2001-Sep-24,995 
2001-Sep-25,991 
2001-Sep-26,983 
2001-Sep-27,969 
2001-Sep-28,952 
2001-Oct-01,939 
2001-Oct-02,926 
2001-Oct-03,917 
2001-Oct-04,910 
2001-Oct-05,900 
2001-Oct-08,893 
2001-Oct-09,889 
2001-Oct-10,888 
2001-Oct-11,889 
2001-Oct-12,893 
2001-Oct-15,897 
2001-Oct-16,902 
2001-Oct-17,905 
2001-Oct-18,907 
2001-Oct-19,908 
2001-Oct-22,907 
2001-Oct-23,903 
2001-Oct-24,897 
2001-Oct-25,891 
2001-Oct-26,884 
2001-Oct-29,879 
2001-Oct-30,870 
2001-Oct-31,861 
2001-Nov-01,853 
2001-Nov-02,850 
2001-Nov-05,847 
2001-Nov-06,845 
2001-Nov-07,843 
2001-Nov-08,844 
2001-Nov-09,846 
2001-Nov-12,849 
2001-Nov-13,851 
2001-Nov-14,854 
2001-Nov-15,854 
2001-Nov-16,855 
2001-Nov-19,857 
2001-Nov-20,857 
2001-Nov-21,859 
2001-Nov-22,857 
2001-Nov-23,861 
2001-Nov-26,864 
2001-Nov-27,866 
2001-Nov-28,868 
2001-Nov-29,867 
2001-Nov-30,868 
2001-Dec-03,868 
2001-Dec-04,869 
2001-Dec-05,869 
2001-Dec-06,871 
2001-Dec-07,872 
2001-Dec-10,874 
2001-Dec-11,873 
2001-Dec-12,873 
2001-Dec-13,872 
2001-Dec-14,870 
2001-Dec-17,868 
2001-Dec-18,866 
2001-Dec-19,865 
2001-Dec-20,867 
2001-Dec-21,869 
2001-Dec-27,871 
2001-Dec-28,876 
2002-Jan-02,882 
2002-Jan-03,889 
2002-Jan-04,896 
2002-Jan-07,906 
2002-Jan-08,917 
2002-Jan-09,929 
2002-Jan-10,941 
2002-Jan-11,950 
2002-Jan-14,956 
2002-Jan-15,964 
2002-Jan-16,969 
2002-Jan-17,969 
2002-Jan-18,964 
2002-Jan-21,958 
2002-Jan-22,950 
2002-Jan-23,941 
2002-Jan-24,931 
2002-Jan-25,924 
2002-Jan-28,920 
2002-Jan-29,915 
2002-Jan-30,910 
2002-Jan-31,908 
2002-Feb-01,908 
2002-Feb-04,909 
2002-Feb-05,909 
2002-Feb-06,911 
2002-Feb-07,915 
2002-Feb-08,922 
2002-Feb-11,927 
2002-Feb-12,933 
2002-Feb-13,940 
2002-Feb-14,947 
2002-Feb-15,955 
2002-Feb-18,963 
2002-Feb-19,970 
2002-Feb-20,978 
2002-Feb-21,992 
2002-Feb-22,1009 
2002-Feb-25,1018 
2002-Feb-26,1025 
2002-Feb-27,1029 
2002-Feb-28,1031 
2002-Mar-01,1033 
2002-Mar-04,1035 
2002-Mar-05,1038 
2002-Mar-06,1044 
2002-Mar-07,1047 
2002-Mar-08,1051 
2002-Mar-11,1056 
2002-Mar-12,1059 
2002-Mar-13,1064 
2002-Mar-14,1067 
2002-Mar-15,1073 
2002-Mar-18,1074 
2002-Mar-19,1076 
2002-Mar-20,1078 
2002-Mar-21,1081 
2002-Mar-22,1085 
2002-Mar-25,1086 
2002-Mar-26,1084 
2002-Mar-27,1082 
2002-Mar-28,1082 
2002-Apr-02,1080 
2002-Apr-03,1082 
2002-Apr-04,1083 
2002-Apr-05,1085 
2002-Apr-08,1086 
2002-Apr-09,1091 
2002-Apr-10,1096 
2002-Apr-11,1100 
2002-Apr-12,1103 
2002-Apr-15,1104 
2002-Apr-16,1103 
2002-Apr-17,1098 
2002-Apr-18,1090 
2002-Apr-19,1080 
2002-Apr-22,1071 
2002-Apr-23,1064 
2002-Apr-24,1059 
2002-Apr-25,1049 
2002-Apr-26,1042 
2002-Apr-29,1033 
2002-Apr-30,1027 
2002-May-01,1020 
2002-May-02,1016 
2002-May-03,1016 
2002-May-07,1018 
2002-May-08,1025 
2002-May-09,1034 
2002-May-10,1038 
2002-May-13,1040 
2002-May-14,1041 
2002-May-15,1038 
2002-May-16,1035 
2002-May-17,1033 
2002-May-20,1031 
2002-May-21,1031 
2002-May-22,1031 
2002-May-23,1032 
2002-May-24,1035 
2002-May-27,1038 
2002-May-28,1040 
2002-May-29,1044 
2002-May-30,1046 
2002-May-31,1042 
2002-Jun-05,1027 
2002-Jun-06,1015 
2002-Jun-07,1005 
2002-Jun-10,998 
2002-Jun-11,991 
2002-Jun-12,984 
2002-Jun-13,978 
2002-Jun-14,978 
2002-Jun-17,978 
2002-Jun-18,981 
2002-Jun-19,984 
2002-Jun-20,988 
2002-Jun-21,993 
2002-Jun-24,997 
2002-Jun-25,1000 
2002-Jun-26,1003 
2002-Jun-27,1006 
2002-Jun-28,1005 
2002-Jul-01,1005 
2002-Jul-02,1004 
2002-Jul-03,1002 
2002-Jul-04,1003 
2002-Jul-05,1004 
2002-Jul-08,1005 
2002-Jul-09,1006 
2002-Jul-10,1007 
2002-Jul-11,1005 
2002-Jul-12,1004 
2002-Jul-15,1002 
2002-Jul-16,998 
2002-Jul-17,993 
2002-Jul-18,985 
2002-Jul-19,981 
2002-Jul-22,976 
2002-Jul-23,972 
2002-Jul-24,964 
2002-Jul-25,962 
2002-Jul-26,962 
2002-Jul-29,964 
2002-Jul-30,965 
2002-Jul-31,968 
2002-Aug-01,970 
2002-Aug-02,971 
2002-Aug-05,971 
2002-Aug-06,971 
2002-Aug-07,972 
2002-Aug-08,978 
2002-Aug-09,986 
2002-Aug-12,992 
2002-Aug-13,999 
2002-Aug-14,1006 
2002-Aug-15,1010 
2002-Aug-16,1013 
2002-Aug-19,1014 
2002-Aug-20,1014 
2002-Aug-21,1014 
2002-Aug-22,1018 
2002-Aug-23,1021 
2002-Aug-27,1025 
2002-Aug-28,1026 
2002-Aug-29,1030 
2002-Aug-30,1036 
2002-Sep-02,1039 
2002-Sep-03,1044 
2002-Sep-04,1050 
2002-Sep-05,1063 
2002-Sep-06,1085 
2002-Sep-09,1102 
2002-Sep-10,1126 
2002-Sep-11,1146 
2002-Sep-12,1163 
2002-Sep-13,1178 
2002-Sep-16,1186 
2002-Sep-17,1194 
2002-Sep-18,1202 
2002-Sep-19,1215 
2002-Sep-20,1226 
2002-Sep-23,1238 
2002-Sep-24,1255 
2002-Sep-25,1285 
2002-Sep-26,1320 
2002-Sep-27,1346 
2002-Sep-30,1367 
2002-Oct-01,1371 
2002-Oct-02,1365 
2002-Oct-03,1358 
2002-Oct-04,1354 
2002-Oct-07,1351 
2002-Oct-08,1348 
2002-Oct-09,1347 
2002-Oct-10,1346 
2002-Oct-11,1343 
2002-Oct-14,1340 
2002-Oct-15,1335 
2002-Oct-16,1334 
2002-Oct-17,1343 
2002-Oct-18,1356 
2002-Oct-21,1364 
2002-Oct-22,1369 
2002-Oct-23,1376 
2002-Oct-24,1385 
2002-Oct-25,1393 
2002-Oct-28,1397 
2002-Oct-29,1403 
2002-Oct-30,1409 
2002-Oct-31,1417 
2002-Nov-01,1428 
2002-Nov-04,1430 
2002-Nov-05,1435 
2002-Nov-06,1442 
2002-Nov-07,1445 
2002-Nov-08,1446 
2002-Nov-11,1445 
2002-Nov-12,1445 
2002-Nov-13,1443 
2002-Nov-14,1444 
2002-Nov-15,1446 
2002-Nov-18,1445 
2002-Nov-19,1446 
2002-Nov-20,1447 
2002-Nov-21,1451 
2002-Nov-22,1459 
2002-Nov-25,1469 
2002-Nov-26,1489 
2002-Nov-27,1514 
2002-Nov-28,1540 
2002-Nov-29,1560 
2002-Dec-02,1573 
2002-Dec-03,1582 
2002-Dec-04,1592 
2002-Dec-05,1602 
2002-Dec-06,1612 
2002-Dec-09,1625 
2002-Dec-10,1637 
2002-Dec-11,1651 
2002-Dec-12,1663 
2002-Dec-13,1689 
2002-Dec-16,1704 
2002-Dec-17,1714 
2002-Dec-18,1728 
2002-Dec-19,1735 
2002-Dec-20,1737 
2002-Dec-23,1739 
2002-Dec-24,1738 
2003-Jan-02,1738 
2003-Jan-03,1739 
2003-Jan-06,1742 
2003-Jan-07,1746 
2003-Jan-08,1749 
2003-Jan-09,1758 
2003-Jan-10,1761 
2003-Jan-13,1760 
2003-Jan-14,1753 
2003-Jan-15,1748 
2003-Jan-16,1733 
2003-Jan-17,1722 
2003-Jan-20,1718 
2003-Jan-21,1715 
2003-Jan-22,1704 
2003-Jan-23,1680 
2003-Jan-24,1653 
2003-Jan-27,1626 
2003-Jan-28,1593 
2003-Jan-29,1557 
2003-Jan-30,1540 
2003-Jan-31,1530 
2003-Feb-03,1530 
2003-Feb-04,1542 
2003-Feb-05,1559 
2003-Feb-06,1577 
2003-Feb-07,1596 
2003-Feb-10,1610 
2003-Feb-11,1627 
2003-Feb-12,1639 
2003-Feb-13,1659 
2003-Feb-14,1673 
2003-Feb-17,1693 
2003-Feb-18,1709 
2003-Feb-19,1728 
2003-Feb-20,1745 
2003-Feb-21,1758 
2003-Feb-24,1767 
2003-Feb-25,1768 
2003-Feb-26,1767 
2003-Feb-27,1763 
2003-Feb-28,1764 
2003-Mar-03,1762 
2003-Mar-04,1754 
2003-Mar-05,1749 
2003-Mar-06,1748 
2003-Mar-07,1753 
2003-Mar-10,1756 
2003-Mar-11,1765 
2003-Mar-12,1779 
2003-Mar-13,1802 
2003-Mar-14,1833 
2003-Mar-17,1863 
2003-Mar-18,1887 
2003-Mar-19,1909 
2003-Mar-20,1924 
2003-Mar-21,1935 
2003-Mar-24,1940 
2003-Mar-25,1940 
2003-Mar-26,1936 
2003-Mar-27,1933 
2003-Mar-28,1938 
2003-Mar-31,1939 
2003-Apr-01,1943 
2003-Apr-02,1959 
2003-Apr-03,1977 
2003-Apr-04,1997 
2003-Apr-07,2011 
2003-Apr-08,2022 
2003-Apr-09,2034 
2003-Apr-10,2051 
2003-Apr-11,2069 
2003-Apr-14,2081 
2003-Apr-15,2088 
2003-Apr-16,2091 
2003-Apr-17,2093 
2003-Apr-22,2097 
2003-Apr-23,2105 
2003-Apr-24,2115 
2003-Apr-25,2124 
2003-Apr-28,2133 
2003-Apr-29,2139 
2003-Apr-30,2142 
2003-May-01,2145 
2003-May-02,2152 
2003-May-06,2160 
2003-May-07,2173 
2003-May-08,2193 
2003-May-09,2212 
2003-May-12,2227 
2003-May-13,2248 
2003-May-14,2266 
2003-May-15,2291 
2003-May-16,2317 
2003-May-19,2335 
2003-May-20,2337 
2003-May-21,2325 
2003-May-22,2303 
2003-May-23,2272 
2003-May-27,2218 
2003-May-28,2178 
2003-May-29,2145 
2003-May-30,2127 
2003-Jun-02,2116 
2003-Jun-03,2123 
2003-Jun-04,2128 
2003-Jun-05,2135 
2003-Jun-06,2139 
2003-Jun-09,2134 
2003-Jun-10,2130 
2003-Jun-11,2132 
2003-Jun-12,2135 
2003-Jun-13,2141 
2003-Jun-16,2146 
2003-Jun-17,2149 
2003-Jun-18,2154 
2003-Jun-19,2153 
2003-Jun-20,2150 
2003-Jun-23,2143 
2003-Jun-24,2134 
2003-Jun-25,2131 
2003-Jun-26,2129 
2003-Jun-27,2127 
2003-Jun-30,2125 
2003-Jul-01,2123 
2003-Jul-02,2127 
2003-Jul-03,2131 
2003-Jul-04,2137 
2003-Jul-07,2143 
2003-Jul-08,2155 
2003-Jul-09,2168 
2003-Jul-10,2194 
2003-Jul-11,2217 
2003-Jul-14,2231 
2003-Jul-15,2238 
2003-Jul-16,2240 
2003-Jul-17,2236 
2003-Jul-18,2234 
2003-Jul-21,2229 
2003-Jul-22,2219 
2003-Jul-23,2211 
2003-Jul-24,2208 
2003-Jul-25,2206 
2003-Jul-28,2203 
2003-Jul-29,2197 
2003-Jul-30,2186 
2003-Jul-31,2181 
2003-Aug-01,2176 
2003-Aug-04,2181 
2003-Aug-05,2198 
2003-Aug-06,2230 
2003-Aug-07,2262 
2003-Aug-08,2287 
2003-Aug-11,2298 
2003-Aug-12,2314 
2003-Aug-13,2326 
2003-Aug-14,2336 
2003-Aug-15,2343 
2003-Aug-18,2343 
2003-Aug-19,2340 
2003-Aug-20,2331 
2003-Aug-21,2322 
2003-Aug-22,2314 
2003-Aug-26,2297 
2003-Aug-27,2284 
2003-Aug-28,2272 
2003-Aug-29,2265 
2003-Sep-01,2262 
2003-Sep-02,2265 
2003-Sep-03,2273 
2003-Sep-04,2284 
2003-Sep-05,2304 
2003-Sep-08,2320 
2003-Sep-09,2327 
2003-Sep-10,2341 
2003-Sep-11,2352 
2003-Sep-12,2364 
2003-Sep-15,2379 
2003-Sep-16,2393 
2003-Sep-17,2408 
2003-Sep-18,2431 
2003-Sep-19,2467 
2003-Sep-22,2501 
2003-Sep-23,2539 
2003-Sep-24,2605 
2003-Sep-25,2709 
2003-Sep-26,2796 
2003-Sep-29,2870 
2003-Sep-30,2993 
2003-Oct-01,3138 
2003-Oct-02,3245 
2003-Oct-03,3372 
2003-Oct-06,3529 
2003-Oct-07,3668 
2003-Oct-08,3829 
2003-Oct-09,4049 
2003-Oct-10,4192 
2003-Oct-13,4270 
2003-Oct-14,4299 
2003-Oct-15,4286 
2003-Oct-16,4304 
2003-Oct-17,4363 
2003-Oct-20,4421 
2003-Oct-21,4477 
2003-Oct-22,4514 
2003-Oct-23,4515 
2003-Oct-24,4517 
2003-Oct-27,4539 
2003-Oct-28,4547 
2003-Oct-29,4550 
2003-Oct-30,4560 
2003-Oct-31,4555 
2003-Nov-03,4558 
2003-Nov-04,4524 
2003-Nov-05,4432 
2003-Nov-06,4349 
2003-Nov-07,4308 
2003-Nov-10,4274 
2003-Nov-11,4243 
2003-Nov-12,4205 
2003-Nov-13,4142 
2003-Nov-14,4078 
2003-Nov-17,4046 
2003-Nov-18,4026 
2003-Nov-19,4029 
2003-Nov-20,4076 
2003-Nov-21,4144 
2003-Nov-24,4193 
2003-Nov-25,4257 
2003-Nov-26,4329 
2003-Nov-27,4378 
2003-Nov-28,4417 
2003-Dec-01,4442 
2003-Dec-02,4464 
2003-Dec-03,4484 
2003-Dec-04,4493 
2003-Dec-05,4515 
2003-Dec-08,4526 
2003-Dec-09,4539 
2003-Dec-10,4570 
2003-Dec-11,4608 
2003-Dec-12,4638 
2003-Dec-15,4658 
2003-Dec-16,4668 
2003-Dec-17,4675 
2003-Dec-18,4694 
2003-Dec-19,4721 
2003-Dec-22,4741 
2003-Dec-23,4761 
2003-Dec-24,4765 
2004-Jan-02,4761 
2004-Jan-05,4757 
2004-Jan-06,4764 
2004-Jan-07,4804 
2004-Jan-08,4901 
2004-Jan-09,5046 
2004-Jan-12,5256 
2004-Jan-13,5391 
2004-Jan-14,5459 
2004-Jan-15,5485 
2004-Jan-16,5493 
2004-Jan-19,5481 
2004-Jan-20,5418 
2004-Jan-21,5345 
2004-Jan-22,5299 
2004-Jan-23,5273 
2004-Jan-26,5262 
2004-Jan-27,5276 
2004-Jan-28,5340 
2004-Jan-29,5457 
2004-Jan-30,5551 
2004-Feb-02,5618 
2004-Feb-03,5664 
2004-Feb-04,5681 
2004-Feb-05,5653 
2004-Feb-06,5608 
2004-Feb-09,5545 
2004-Feb-10,5458 
2004-Feb-11,5365 
2004-Feb-12,5276 
2004-Feb-13,5242 
2004-Feb-16,5250 
2004-Feb-17,5290 
2004-Feb-18,5376 
2004-Feb-19,5461 
2004-Feb-20,5516 
2004-Feb-23,5536 
2004-Feb-24,5488 
2004-Feb-25,5394 
2004-Feb-26,5317 
2004-Feb-27,5263 
2004-Mar-01,5205 
2004-Mar-02,5150 
2004-Mar-03,5109 
2004-Mar-04,5135 
2004-Mar-05,5235 
2004-Mar-08,5300 
2004-Mar-09,5344 
2004-Mar-10,5382 
2004-Mar-11,5384 
2004-Mar-12,5352 
2004-Mar-15,5280 
2004-Mar-16,5204 
2004-Mar-17,5122 
2004-Mar-18,5058 
2004-Mar-19,5045 
2004-Mar-22,5042 
2004-Mar-23,5044 
2004-Mar-24,5033 
2004-Mar-25,4999 
2004-Mar-26,4959 
2004-Mar-29,4927 
2004-Mar-30,4886 
2004-Mar-31,4822 
2004-Apr-01,4763 
2004-Apr-02,4716 
2004-Apr-05,4675 
2004-Apr-06,4631 
2004-Apr-07,4604 
2004-Apr-08,4566 
2004-Apr-13,4552 
2004-Apr-14,4571 
2004-Apr-15,4590 
2004-Apr-16,4610 
2004-Apr-19,4635 
2004-Apr-20,4640 
2004-Apr-21,4616 
2004-Apr-22,4545 
2004-Apr-23,4461 
2004-Apr-26,4368 
2004-Apr-27,4229 
2004-Apr-28,4064 
2004-Apr-29,3982 
2004-Apr-30,3958 
2004-May-04,3933 
2004-May-05,3909 
2004-May-06,3910 
2004-May-07,3924 
2004-May-10,3928 
2004-May-11,3900 
2004-May-12,3827 
2004-May-13,3747 
2004-May-14,3638 
2004-May-17,3535 
2004-May-18,3452 
2004-May-19,3391 
2004-May-20,3348 
2004-May-21,3336 
2004-May-24,3331 
2004-May-25,3327 
2004-May-26,3308 
2004-May-27,3288 
2004-May-28,3286 
2004-Jun-01,3282 
2004-Jun-02,3266 
2004-Jun-03,3239 
2004-Jun-04,3185 
2004-Jun-07,3134 
2004-Jun-08,3067 
2004-Jun-09,3006 
2004-Jun-10,2939 
2004-Jun-11,2887 
2004-Jun-14,2849 
2004-Jun-15,2810 
2004-Jun-16,2762 
2004-Jun-17,2718 
2004-Jun-18,2667 
2004-Jun-21,2634 
2004-Jun-22,2622 
2004-Jun-23,2632 
2004-Jun-24,2682 
2004-Jun-25,2742 
2004-Jun-28,2812 
2004-Jun-29,2895 
2004-Jun-30,3005 
2004-Jul-01,3115 
2004-Jul-02,3207 
2004-Jul-05,3287 
2004-Jul-06,3400 
2004-Jul-07,3545 
2004-Jul-08,3716 
2004-Jul-09,3902 
2004-Jul-12,4025 
2004-Jul-13,4086 
2004-Jul-14,4068 
2004-Jul-15,4021 
2004-Jul-16,3971 
2004-Jul-19,3930 
2004-Jul-20,3888 
2004-Jul-21,3841 
2004-Jul-22,3800 
2004-Jul-23,3799 
2004-Jul-26,3814 
2004-Jul-27,3832 
2004-Jul-28,3877 
2004-Jul-29,3953 
2004-Jul-30,4048 
2004-Aug-02,4100 
2004-Aug-03,4177 
2004-Aug-04,4205 
2004-Aug-05,4180 
2004-Aug-06,4129 
2004-Aug-09,4100 
2004-Aug-10,4088 
2004-Aug-11,4098 
2004-Aug-12,4120 
2004-Aug-13,4148 
2004-Aug-16,4161 
2004-Aug-17,4180 
2004-Aug-18,4188 
2004-Aug-19,4193 
2004-Aug-20,4195 
2004-Aug-23,4206 
2004-Aug-24,4213 
2004-Aug-25,4224 
2004-Aug-26,4233 
2004-Aug-27,4225 
2004-Aug-31,4186 
2004-Sep-01,4134 
2004-Sep-02,4077 
2004-Sep-03,4040 
2004-Sep-06,4014 
2004-Sep-07,4018 
2004-Sep-08,4056 
2004-Sep-09,4109 
2004-Sep-10,4163 
2004-Sep-13,4192 
2004-Sep-14,4205 
2004-Sep-15,4208 
2004-Sep-16,4214 
2004-Sep-17,4220 
2004-Sep-20,4233 
2004-Sep-21,4229 
2004-Sep-22,4222 
2004-Sep-23,4180 
2004-Sep-24,4149 
2004-Sep-27,4123 
2004-Sep-28,4106 
2004-Sep-29,4100 
2004-Sep-30,4105 
2004-Oct-01,4112 
2004-Oct-04,4130 
2004-Oct-05,4157 
2004-Oct-06,4190 
2004-Oct-07,4254 
2004-Oct-08,4313 
2004-Oct-11,4354 
2004-Oct-12,4408 
2004-Oct-13,4473 
2004-Oct-14,4522 
2004-Oct-15,4572 
2004-Oct-18,4602 
2004-Oct-19,4625 
2004-Oct-20,4663 
2004-Oct-21,4727 
2004-Oct-22,4786 
2004-Oct-25,4828 
2004-Oct-26,4877 
2004-Oct-27,4901 
2004-Oct-28,4912 
2004-Oct-29,4922 
2004-Nov-01,4928 
2004-Nov-02,4937 
2004-Nov-03,4950 
2004-Nov-04,4994 
2004-Nov-05,5027 
2004-Nov-08,5040 
2004-Nov-09,5060 
2004-Nov-10,5082 
2004-Nov-11,5107 
2004-Nov-12,5125 
2004-Nov-15,5152 
2004-Nov-16,5191 
2004-Nov-17,5264 
2004-Nov-18,5335 
2004-Nov-19,5393 
2004-Nov-22,5442 
2004-Nov-23,5514 
2004-Nov-24,5626 
2004-Nov-25,5734 
2004-Nov-26,5870 
2004-Nov-29,5974 
2004-Nov-30,6051 
2004-Dec-01,6092 
2004-Dec-02,6134 
2004-Dec-03,6172 
2004-Dec-06,6208 
2004-Dec-07,6200 
2004-Dec-08,6136 
2004-Dec-09,6013 
2004-Dec-10,5877 
2004-Dec-13,5747 
2004-Dec-14,5551 
2004-Dec-15,5363 
2004-Dec-16,5176 
2004-Dec-17,5003 
2004-Dec-20,4899 
2004-Dec-21,4812 
2004-Dec-22,4719 
2004-Dec-23,4639 
2004-Dec-24,4598 
2005-Jan-04,4456 
2005-Jan-05,4395 
2005-Jan-06,4405 
2005-Jan-07,4485 
2005-Jan-10,4627 
2005-Jan-11,4726 
2005-Jan-12,4776 
2005-Jan-13,4774 
2005-Jan-14,4721 
2005-Jan-17,4668 
2005-Jan-18,4591 
2005-Jan-19,4471 
2005-Jan-20,4358 
2005-Jan-21,4301 
2005-Jan-24,4292 
2005-Jan-25,4307 
2005-Jan-26,4340 
2005-Jan-27,4396 
2005-Jan-28,4461 
2005-Jan-31,4488 
2005-Feb-01,4470 
2005-Feb-02,4408 
2005-Feb-03,4313 
2005-Feb-04,4246 
2005-Feb-07,4192 
2005-Feb-08,4175 
2005-Feb-09,4223 
2005-Feb-10,4320 
2005-Feb-11,4378 
2005-Feb-14,4446 
2005-Feb-15,4511 
2005-Feb-16,4593 
2005-Feb-17,4685 
2005-Feb-18,4763 
2005-Feb-21,4833 
2005-Feb-22,4878 
2005-Feb-23,4880 
2005-Feb-24,4834 
2005-Feb-25,4771 
2005-Feb-28,4726 
2005-Mar-01,4663 
2005-Mar-02,4619 
2005-Mar-03,4619 
2005-Mar-04,4652 
2005-Mar-07,4700 
2005-Mar-08,4745 
2005-Mar-09,4781 
2005-Mar-10,4791 
2005-Mar-11,4768 
2005-Mar-14,4741 
2005-Mar-15,4685 
2005-Mar-16,4596 
2005-Mar-17,4575 
2005-Mar-18,4625 
2005-Mar-21,4665 
2005-Mar-22,4679 
2005-Mar-23,4685 
2005-Mar-24,4685 
2005-Mar-29,4672 
2005-Mar-30,4653 
2005-Mar-31,4637 
2005-Apr-01,4627 
2005-Apr-04,4631 
2005-Apr-05,4649 
2005-Apr-06,4660 
2005-Apr-07,4676 
2005-Apr-08,4699 
2005-Apr-11,4721 
2005-Apr-12,4753 
2005-Apr-13,4804 
2005-Apr-14,4824 
2005-Apr-15,4835 
2005-Apr-18,4810 
2005-Apr-19,4735 
2005-Apr-20,4620 
2005-Apr-21,4504 
2005-Apr-22,4381 
2005-Apr-25,4284 
2005-Apr-26,4172 
2005-Apr-27,4026 
2005-Apr-28,3921 
2005-Apr-29,3850 
2005-May-03,3815 
2005-May-04,3835 
2005-May-05,3898 
2005-May-06,3969 
2005-May-09,4024 
2005-May-10,4016 
2005-May-11,3931 
2005-May-12,3832 
2005-May-13,3770 
2005-May-16,3737 
2005-May-17,3695 
2005-May-18,3637 
2005-May-19,3559 
2005-May-20,3523 
2005-May-23,3496 
2005-May-24,3430 
2005-May-25,3366 
2005-May-26,3317 
2005-May-27,3279 
2005-May-31,3219 
2005-Jun-01,3180 
2005-Jun-02,3125 
2005-Jun-03,3093 
2005-Jun-06,3041 
2005-Jun-07,2995 
2005-Jun-08,2931 
2005-Jun-09,2889 
2005-Jun-10,2821 
2005-Jun-13,2762 
2005-Jun-14,2705 
2005-Jun-15,2636 
2005-Jun-16,2586 
2005-Jun-17,2543 
2005-Jun-20,2518 
2005-Jun-21,2510 
2005-Jun-22,2548 
2005-Jun-23,2593 
2005-Jun-24,2617 
2005-Jun-27,2621 
2005-Jun-28,2606 
2005-Jun-29,2573 
2005-Jun-30,2521 
2005-Jul-01,2486 
2005-Jul-04,2461 
2005-Jul-05,2434 
2005-Jul-06,2402 
2005-Jul-07,2384 
2005-Jul-08,2365 
2005-Jul-11,2354 
2005-Jul-12,2345 
2005-Jul-13,2338 
2005-Jul-14,2320 
2005-Jul-15,2307 
2005-Jul-18,2285 
2005-Jul-19,2247 
2005-Jul-20,2201 
2005-Jul-21,2133 
2005-Jul-22,2054 
2005-Jul-25,2004 
2005-Jul-26,1951 
2005-Jul-27,1896 
2005-Jul-28,1851 
2005-Jul-29,1804 
2005-Aug-01,1769 
2005-Aug-02,1749 
2005-Aug-03,1747 
2005-Aug-04,1769 
2005-Aug-05,1819 
2005-Aug-08,1868 
2005-Aug-09,1907 
2005-Aug-10,1959 
2005-Aug-11,1960 
2005-Aug-12,2125 
2005-Aug-15,2169 
2005-Aug-16,2215 
2005-Aug-17,2286 
2005-Aug-18,2372 
2005-Aug-19,2478 
2005-Aug-22,2567 
2005-Aug-23,2612 
2005-Aug-24,2634 
2005-Aug-25,2631 
2005-Aug-26,2625 
2005-Aug-30,2608 
2005-Aug-31,2592 
2005-Sep-01,2548 
2005-Sep-02,2479 
2005-Sep-05,2424 
2005-Sep-06,2418 
2005-Sep-07,2480 
2005-Sep-08,2561 
2005-Sep-09,2626 
2005-Sep-12,2701 
2005-Sep-13,2766 
2005-Sep-14,2819 
2005-Sep-15,2885 
2005-Sep-16,2949 
2005-Sep-19,2977 
2005-Sep-20,3011 
2005-Sep-21,3048 
2005-Sep-22,3073 
2005-Sep-23,3069 
2005-Sep-26,3058 
2005-Sep-27,3011 
2005-Sep-28,2953 
2005-Sep-29,2907 
2005-Sep-30,2907 
2005-Oct-03,2944 
2005-Oct-04,2981 
2005-Oct-05,3019 
2005-Oct-06,3062 
2005-Oct-07,3098 
2005-Oct-10,3137 
2005-Oct-11,3202 
2005-Oct-12,3273 
2005-Oct-13,3337 
2005-Oct-14,3370 
2005-Oct-17,3361 
2005-Oct-18,3305 
2005-Oct-19,3227 
2005-Oct-20,3162 
2005-Oct-21,3130 
2005-Oct-24,3116 
2005-Oct-25,3125 
2005-Oct-26,3139 
2005-Oct-27,3149 
2005-Oct-28,3140 
2005-Oct-31,3113 
2005-Nov-01,3081 
2005-Nov-02,3030 
2005-Nov-03,2988 
2005-Nov-04,2967 
2005-Nov-07,2945 
2005-Nov-08,2935 
2005-Nov-09,2946 
2005-Nov-10,3004 
2005-Nov-11,3033 
2005-Nov-14,3048 
2005-Nov-15,3029 
2005-Nov-16,2991 
2005-Nov-17,2935 
2005-Nov-18,2898 
2005-Nov-21,2869 
2005-Nov-22,2837 
2005-Nov-23,2810 
2005-Nov-24,2786 
2005-Nov-25,2757 
2005-Nov-28,2739 
2005-Nov-29,2743 
2005-Nov-30,2770 
2005-Dec-01,2772 
2005-Dec-02,2767 
2005-Dec-05,2764 
2005-Dec-06,2746 
2005-Dec-07,2693 
2005-Dec-08,2650 
2005-Dec-09,2639 
2005-Dec-12,2624 
2005-Dec-13,2613 
2005-Dec-14,2582 
2005-Dec-15,2566 
2005-Dec-16,2536 
2005-Dec-19,2510 
2005-Dec-20,2475 
2005-Dec-21,2439 
2005-Dec-22,2417 
2005-Dec-23,2407 
2006-Jan-03,2438 
2006-Jan-04,2468 
2006-Jan-05,2495 
2006-Jan-06,2497 
2006-Jan-09,2493 
2006-Jan-10,2470 
2006-Jan-11,2428 
2006-Jan-12,2382 
2006-Jan-13,2341 
2006-Jan-16,2307 
2006-Jan-17,2263 
2006-Jan-18,2214 
2006-Jan-19,2169 
2006-Jan-20,2121 
2006-Jan-23,2084 
2006-Jan-24,2050 
2006-Jan-25,2033 
2006-Jan-26,2037 
2006-Jan-27,2057 
2006-Jan-30,2069 
2006-Jan-31,2081 
2006-Feb-01,2087 
2006-Feb-02,2115 
2006-Feb-03,2145 
2006-Feb-06,2167 
2006-Feb-07,2192 
2006-Feb-08,2223 
2006-Feb-09,2256 
2006-Feb-10,2297 
2006-Feb-13,2328 
2006-Feb-14,2389 
2006-Feb-15,2484 
2006-Feb-16,2621 
2006-Feb-17,2740 
2006-Feb-20,2798 
2006-Feb-21,2792 
2006-Feb-22,2668 
2006-Feb-23,2626 
2006-Feb-24,2622 
2006-Feb-27,2644 
2006-Feb-28,2680 
2006-Mar-01,2708 
2006-Mar-02,2698 
2006-Mar-03,2682 
2006-Mar-06,2674 
2006-Mar-07,2667 
2006-Mar-08,2682 
2006-Mar-09,2702 
2006-Mar-10,2704 
2006-Mar-13,2697 
2006-Mar-14,2666 
2006-Mar-15,2605 
2006-Mar-16,2537 
2006-Mar-17,2502 
2006-Mar-20,2493 
2006-Mar-21,2511 
2006-Mar-22,2526 
2006-Mar-23,2550 
2006-Mar-24,2565 
2006-Mar-27,2569 
2006-Mar-28,2533 
2006-Mar-29,2510 
2006-Mar-30,2496 
2006-Mar-31,2496 
2006-Apr-03,2508 
2006-Apr-04,2513 
2006-Apr-05,2508 
2006-Apr-06,2504 
2006-Apr-07,2514 
2006-Apr-10,2516 
2006-Apr-11,2515 
2006-Apr-12,2504 
2006-Apr-13,2503 
2006-Apr-18,2495 
2006-Apr-19,2479 
2006-Apr-20,2451 
2006-Apr-21,2434 
2006-Apr-24,2421 
2006-Apr-25,2397 
2006-Apr-26,2378 
2006-Apr-27,2370 
2006-Apr-28,2368 
2006-May-02,2364 
2006-May-03,2365 
2006-May-04,2372 
2006-May-05,2383 
2006-May-08,2399 
2006-May-09,2414 
2006-May-10,2440 
2006-May-11,2472 
2006-May-12,2491 
2006-May-15,2501 
2006-May-16,2502 
2006-May-17,2492 
2006-May-18,2482 
2006-May-19,2479 
2006-May-22,2476 
2006-May-23,2468 
2006-May-24,2453 
2006-May-25,2442 
2006-May-26,2432 
2006-May-30,2416 
2006-May-31,2436 
2006-Jun-01,2478 
2006-Jun-02,2514 
2006-Jun-05,2551 
2006-Jun-06,2580 
2006-Jun-07,2599 
2006-Jun-08,2631 
2006-Jun-09,2653 
2006-Jun-12,2672 
2006-Jun-13,2699 
2006-Jun-14,2715 
2006-Jun-15,2723 
2006-Jun-16,2725 
2006-Jun-19,2728 
2006-Jun-20,2729 
2006-Jun-21,2739 
2006-Jun-22,2774 
2006-Jun-23,2808 
2006-Jun-26,2829 
2006-Jun-27,2862 
2006-Jun-28,2898 
2006-Jun-29,2935 
2006-Jun-30,2964 
2006-Jul-03,2983 
2006-Jul-04,2965 
2006-Jul-05,2926 
2006-Jul-06,2894 
2006-Jul-07,2870 
2006-Jul-10,2864 
2006-Jul-11,2849 
2006-Jul-12,2865 
2006-Jul-13,2905 
2006-Jul-14,2968 
2006-Jul-17,3004 
2006-Jul-18,3053 
2006-Jul-19,3116 
2006-Jul-20,3162 
2006-Jul-21,3191 
2006-Jul-24,3202 
2006-Jul-25,3221 
2006-Jul-26,3227 
2006-Jul-27,3236 
2006-Jul-28,3260 
2006-Jul-31,3285 
2006-Aug-01,3337 
2006-Aug-02,3450 
2006-Aug-03,3560 
2006-Aug-04,3617 
2006-Aug-07,3654 
2006-Aug-08,3679 
2006-Aug-09,3678 
2006-Aug-10,3681 
2006-Aug-11,3714 
2006-Aug-14,3755 
2006-Aug-15,3824 
2006-Aug-16,3841 
2006-Aug-17,3812 
2006-Aug-18,3755 
2006-Aug-21,3720 
2006-Aug-22,3672 
2006-Aug-23,3633 
2006-Aug-24,3644 
2006-Aug-25,3690 
2006-Aug-29,3750 
2006-Aug-30,3795 
2006-Aug-31,3847 
2006-Sep-01,3875 
2006-Sep-04,3882 
2006-Sep-05,3882 
2006-Sep-06,3877 
2006-Sep-07,3888 
2006-Sep-08,3914 
2006-Sep-11,3948 
2006-Sep-12,4010 
2006-Sep-13,4129 
2006-Sep-14,4207 
2006-Sep-15,4258 
2006-Sep-18,4279 
2006-Sep-19,4275 
2006-Sep-20,4244 
2006-Sep-21,4200 
2006-Sep-22,4136 
2006-Sep-25,4069 
2006-Sep-26,3979 
2006-Sep-27,3915 
2006-Sep-28,3911 
2006-Sep-29,3944 
2006-Oct-02,3956 
2006-Oct-03,3960 
2006-Oct-04,3941 
2006-Oct-05,3931 
2006-Oct-06,3964 
2006-Oct-09,4015 
2006-Oct-10,4042 
2006-Oct-11,4070 
2006-Oct-12,4126 
2006-Oct-13,4169 
2006-Oct-16,4182 
2006-Oct-17,4159 
2006-Oct-18,4109 
2006-Oct-19,4053 
2006-Oct-20,4017 
2006-Oct-23,3996 
2006-Oct-24,3978 
2006-Oct-25,3960 
2006-Oct-26,3955 
2006-Oct-27,3982 
2006-Oct-30,4006 
2006-Oct-31,4037 
2006-Nov-01,4100 
2006-Nov-02,4146 
2006-Nov-03,4188 
2006-Nov-06,4214 
2006-Nov-07,4242 
2006-Nov-08,4256 
2006-Nov-09,4245 
2006-Nov-10,4210 
2006-Nov-13,4180 
2006-Nov-14,4153 
2006-Nov-15,4134 
2006-Nov-16,4121 
2006-Nov-17,4129 
2006-Nov-20,4137 
2006-Nov-21,4138 
2006-Nov-22,4144 
2006-Nov-23,4163 
2006-Nov-24,4185 
2006-Nov-27,4208 
2006-Nov-28,4255 
2006-Nov-29,4298 
2006-Nov-30,4336 
2006-Dec-01,4369 
2006-Dec-04,4400 
2006-Dec-05,4407 
2006-Dec-06,4367 
2006-Dec-07,4323 
2006-Dec-08,4294 
2006-Dec-11,4275 
2006-Dec-12,4270 
2006-Dec-13,4294 
2006-Dec-14,4307 
2006-Dec-15,4318 
2006-Dec-18,4324 
2006-Dec-19,4330 
2006-Dec-20,4336 
2006-Dec-21,4362 
2006-Dec-22,4397 
2007-Jan-02,4421 
2007-Jan-03,4452 
2007-Jan-04,4494 
2007-Jan-05,4539 
2007-Jan-08,4579 
2007-Jan-09,4617 
2007-Jan-10,4640 
2007-Jan-11,4647 
2007-Jan-12,4642 
2007-Jan-15,4629 
2007-Jan-16,4555 
2007-Jan-17,4481 
2007-Jan-18,4411 
2007-Jan-19,4362 
2007-Jan-22,4340 
2007-Jan-23,4360 
2007-Jan-24,4381 
2007-Jan-25,4385 
2007-Jan-26,4367 
2007-Jan-29,4343 
2007-Jan-30,4287 
2007-Jan-31,4225 
2007-Feb-01,4219 
2007-Feb-02,4243 
2007-Feb-05,4265 
2007-Feb-06,4291 
2007-Feb-07,4313 
2007-Feb-08,4323 
2007-Feb-09,4328 
2007-Feb-12,4348 
2007-Feb-13,4360 
2007-Feb-14,4366 
2007-Feb-15,4352 
2007-Feb-16,4355 
2007-Feb-19,4355 
2007-Feb-20,4359 
2007-Feb-21,4399 
2007-Feb-22,4456 
2007-Feb-23,4545 
2007-Feb-26,4609 
2007-Feb-27,4704 
2007-Feb-28,4765 
2007-Mar-01,4818 
2007-Mar-02,4872 
2007-Mar-05,4908 
2007-Mar-06,4921 
2007-Mar-07,4937 
2007-Mar-08,4963 
2007-Mar-09,5000 
2007-Mar-12,5041 
2007-Mar-13,5069 
2007-Mar-14,5077 
2007-Mar-15,5071 
2007-Mar-16,5086 
2007-Mar-19,5123 
2007-Mar-20,5172 
2007-Mar-21,5226 
2007-Mar-22,5275 
2007-Mar-23,5330 
2007-Mar-26,5357 
2007-Mar-27,5364 
2007-Mar-28,5356 
2007-Mar-29,5355 
2007-Mar-30,5388 
2007-Apr-02,5417 
2007-Apr-03,5439 
2007-Apr-04,5487 
2007-Apr-05,5532 
2007-Apr-10,5552 
2007-Apr-11,5556 
2007-Apr-12,5546 
2007-Apr-13,5553 
2007-Apr-16,5562 
2007-Apr-17,5601 
2007-Apr-18,5700 
2007-Apr-19,5782 
2007-Apr-20,5850 
2007-Apr-23,5922 
2007-Apr-24,6029 
2007-Apr-25,6122 
2007-Apr-26,6192 
2007-Apr-27,6230 
2007-Apr-30,6248 
2007-May-01,6255 
2007-May-02,6262 
2007-May-03,6276 
2007-May-04,6321 
2007-May-08,6395 
2007-May-09,6478 
2007-May-10,6585 
2007-May-11,6648 
2007-May-14,6685 
2007-May-15,6688 
2007-May-16,6650 
2007-May-17,6603 
2007-May-18,6554 
2007-May-21,6521 
2007-May-22,6471 
2007-May-23,6422 
2007-May-24,6304 
2007-May-25,6212 
2007-May-29,6123 
2007-May-30,6023 
2007-May-31,5971 
2007-Jun-01,5983 
2007-Jun-04,6011 
2007-Jun-05,6023 
2007-Jun-06,5988 
2007-Jun-07,5877 
2007-Jun-08,5736 
2007-Jun-11,5661 
2007-Jun-12,5538 
2007-Jun-13,5407 
2007-Jun-14,5302 
2007-Jun-15,5258 
2007-Jun-18,5254 
2007-Jun-19,5310 
2007-Jun-20,5438 
2007-Jun-21,5672 
2007-Jun-22,5922 
2007-Jun-25,6038 
2007-Jun-26,6105 
2007-Jun-27,6180 
2007-Jun-28,6234 
2007-Jun-29,6278 
2007-Jul-02,6304 
2007-Jul-03,6302 
2007-Jul-04,6293 
2007-Jul-05,6251 
2007-Jul-06,6201 
2007-Jul-09,6220 
2007-Jul-10,6301 
2007-Jul-11,6484 
2007-Jul-12,6656 
2007-Jul-13,6706 
2007-Jul-16,6692 
2007-Jul-17,6637 
2007-Jul-18,6582 
2007-Jul-19,6567 
2007-Jul-20,6601 
2007-Jul-23,6659 
2007-Jul-24,6720 
2007-Jul-25,6780 
2007-Jul-26,6838 
2007-Jul-27,6890 
2007-Jul-30,6936 
2007-Jul-31,6967 
2007-Aug-01,6993 
2007-Aug-02,7000 
2007-Aug-03,7007 
2007-Aug-06,6990 
2007-Aug-07,6966 
2007-Aug-08,6917 
2007-Aug-09,6936 
2007-Aug-10,7011 
2007-Aug-13,7066 
2007-Aug-14,7143 
2007-Aug-15,7231 
2007-Aug-16,7319 
2007-Aug-17,7313 
2007-Aug-20,7289 
2007-Aug-21,7243 
2007-Aug-22,7211 
2007-Aug-23,7237 
2007-Aug-24,7277 
2007-Aug-28,7381 
2007-Aug-29,7474 
2007-Aug-30,7586 
2007-Aug-31,7702 
2007-Sep-03,7783 
2007-Sep-04,7907 
2007-Sep-05,8090 
2007-Sep-06,8270 
2007-Sep-07,8410 
2007-Sep-10,8477 
2007-Sep-11,8468 
2007-Sep-12,8421 
2007-Sep-13,8340 
2007-Sep-14,8302 
2007-Sep-17,8296 
2007-Sep-18,8313 
2007-Sep-19,8429 
2007-Sep-20,8619 
2007-Sep-21,8956 
2007-Sep-24,9082 
2007-Sep-25,9215 
2007-Sep-26,9480 
2007-Sep-27,9386 
2007-Sep-28,9474 
2007-Oct-01,9537 
2007-Oct-02,9566 
2007-Oct-03,9561 
2007-Oct-04,9513 
2007-Oct-05,9535 
2007-Oct-08,9665 
2007-Oct-09,9860 
2007-Oct-10,10218 
2007-Oct-11,10513 
2007-Oct-12,10695 
2007-Oct-15,10756 
2007-Oct-16,10748 
2007-Oct-17,10724 
2007-Oct-18,10732 
2007-Oct-19,10798 
2007-Oct-22,10853 
2007-Oct-23,10944 
2007-Oct-24,10984 
2007-Oct-25,10994 
2007-Oct-26,11025 
2007-Oct-29,11033 
2007-Oct-30,10886 
2007-Oct-31,10656 
2007-Nov-01,10581 
2007-Nov-02,10548 
2007-Nov-05,10539 
2007-Nov-06,10605 
2007-Nov-07,10674 
2007-Nov-08,10744 
2007-Nov-09,10867 
2007-Nov-12,10995 
2007-Nov-13,11039 
2007-Nov-14,10995 
2007-Nov-15,10938 
2007-Nov-16,10870 
2007-Nov-19,10780 
2007-Nov-20,10647 
2007-Nov-21,10517 
2007-Nov-22,10328 
2007-Nov-23,10148 
2007-Nov-26,10003 
2007-Nov-27,9897 
2007-Nov-28,9922 
2007-Nov-29,10092 
2007-Nov-30,10210 
2007-Dec-03,10270 
2007-Dec-04,10285 
2007-Dec-05,10216 
2007-Dec-06,10142 
2007-Dec-07,10068 
2007-Dec-10,9992 
2007-Dec-11,9929 
2007-Dec-12,9936 
2007-Dec-13,9949 
2007-Dec-14,9918 
2007-Dec-17,9848 
2007-Dec-18,9751 
2007-Dec-19,9591 
2007-Dec-20,9392 
2007-Dec-21,9236 
2007-Dec-24,9143 
2008-Jan-02,8891 
2008-Jan-03,8756 
2008-Jan-04,8702 
2008-Jan-07,8732 
2008-Jan-08,8730 
2008-Jan-09,8621 
2008-Jan-10,8333 
2008-Jan-11,7949 
2008-Jan-14,7654 
2008-Jan-15,7336 
2008-Jan-16,6915 
2008-Jan-17,6472 
2008-Jan-18,6462 
2008-Jan-21,6513 
2008-Jan-22,6437 
2008-Jan-23,6246 
2008-Jan-24,5948 
2008-Jan-25,5780 
2008-Jan-28,5692 
2008-Jan-29,5615 
2008-Jan-30,5900 
2008-Jan-31,6052 
2008-Feb-01,6134 
2008-Feb-04,6121 
2008-Feb-05,6032 
2008-Feb-06,6002 
2008-Feb-07,6135 
2008-Feb-08,6353 
2008-Feb-11,6520 
2008-Feb-12,6712 
2008-Feb-13,6965 
2008-Feb-14,7212 
2008-Feb-15,7355 
2008-Feb-18,7381 
2008-Feb-19,7319 
2008-Feb-20,7081 
2008-Feb-21,6998 
2008-Feb-22,7187 
2008-Feb-25,7296 
2008-Feb-26,7312 
2008-Feb-27,7299 
2008-Feb-28,7332 
2008-Feb-29,7613 
2008-Mar-03,7878 
2008-Mar-04,7993 
2008-Mar-05,8162 
2008-Mar-06,8403 
2008-Mar-07,8536 
2008-Mar-10,8624 
2008-Mar-11,8560 
2008-Mar-12,8346 
2008-Mar-13,8092 
2008-Mar-14,7972 
2008-Mar-17,7913 
2008-Mar-18,7893 
2008-Mar-19,7801 
2008-Mar-20,7684 
2008-Mar-25,7619 
2008-Mar-26,7679 
2008-Mar-27,7884 
2008-Mar-28,8069 
2008-Mar-31,8081 
2008-Apr-01,7890 
2008-Apr-02,7655 
2008-Apr-03,7690 
2008-Apr-04,7737 
2008-Apr-07,7741 
2008-Apr-08,7754 
2008-Apr-09,7760 
2008-Apr-10,7823 
2008-Apr-11,7889 
2008-Apr-14,7961 
2008-Apr-15,7957 
2008-Apr-16,7967 
2008-Apr-17,8038 
2008-Apr-18,8203 
2008-Apr-21,8350 
2008-Apr-22,8550 
2008-Apr-23,8862 
2008-Apr-24,9182 
2008-Apr-25,9329 
2008-Apr-28,9344 
2008-Apr-29,9273 
2008-Apr-30,9356 
2008-May-01,9439 
2008-May-02,9581 
2008-May-06,9855 
2008-May-07,10104 
2008-May-08,10221 
2008-May-09,10237 
2008-May-12,10220 
2008-May-13,10354 
2008-May-14,10649 
2008-May-15,11067 
2008-May-16,11459 
2008-May-19,11709 
2008-May-20,11793 
2008-May-21,11771 
2008-May-22,11648 
2008-May-23,11465 
2008-May-27,11269 
2008-May-28,11245 
2008-May-29,11347 
2008-May-30,11440 
2008-Jun-02,11458 
2008-Jun-03,11503 
2008-Jun-04,11623 
2008-Jun-05,11689 
2008-Jun-06,11612 
2008-Jun-09,11534 
2008-Jun-10,11409 
2008-Jun-11,11105 
2008-Jun-12,10142 
2008-Jun-13,9646 
2008-Jun-16,9419 
2008-Jun-17,9413 
2008-Jun-18,9437 
2008-Jun-19,9474 
2008-Jun-20,9428 
2008-Jun-23,9211 
2008-Jun-24,9139 
2008-Jun-25,9244 
2008-Jun-26,9473 
2008-Jun-27,9599 
2008-Jun-30,9589 
2008-Jul-01,9379 
2008-Jul-02,9139 
2008-Jul-03,8925 
2008-Jul-04,8854 
2008-Jul-07,8964 
2008-Jul-08,9147 
2008-Jul-09,9272 
2008-Jul-10,9313 
2008-Jul-11,9230 
2008-Jul-14,9181 
2008-Jul-15,9150 
2008-Jul-16,9092 
2008-Jul-17,9059 
2008-Jul-18,9012 
2008-Jul-21,8961 
2008-Jul-22,8904 
2008-Jul-23,8856 
2008-Jul-24,8771 
2008-Jul-25,8637 
2008-Jul-28,8513 
2008-Jul-29,8434 
2008-Jul-30,8388 
2008-Jul-31,8341 
2008-Aug-01,8280 
2008-Aug-04,8209 
2008-Aug-05,8100 
2008-Aug-06,7869 
2008-Aug-07,7521 
2008-Aug-08,7201 
2008-Aug-11,7055 
2008-Aug-12,6992 
2008-Aug-13,7097 
2008-Aug-14,7420 
2008-Aug-15,7557 
2008-Aug-18,7622 
2008-Aug-19,7543 
2008-Aug-20,7344 
2008-Aug-21,7190 
2008-Aug-22,7147 
2008-Aug-26,7115 
2008-Aug-27,7050 
2008-Aug-28,6929 
2008-Aug-29,6809 
2008-Sep-01,6691 
2008-Sep-02,6466 
2008-Sep-03,6146 
2008-Sep-04,5874 
2008-Sep-05,5663 
2008-Sep-08,5492 
2008-Sep-09,5255 
2008-Sep-10,5026 
2008-Sep-11,4893 
2008-Sep-12,4800 
2008-Sep-15,4747 
2008-Sep-16,4760 
2008-Sep-17,4856 
2008-Sep-18,4958 
2008-Sep-19,4975 
2008-Sep-22,4949 
2008-Sep-23,4782 
2008-Sep-24,4489 
2008-Sep-25,4163 
2008-Sep-26,3746 
2008-Sep-29,3504 
2008-Sep-30,3217 
2008-Oct-01,3025 
2008-Oct-02,2990 
2008-Oct-03,3002 
2008-Oct-06,2992 
2008-Oct-07,2922 
2008-Oct-08,2764 
2008-Oct-09,2503 
2008-Oct-10,2221 
2008-Oct-13,1976 
2008-Oct-14,1809 
2008-Oct-15,1615 
2008-Oct-16,1506 
2008-Oct-17,1438 
2008-Oct-20,1355 
2008-Oct-21,1292 
2008-Oct-22,1221 
2008-Oct-23,1149 
2008-Oct-24,1102 
2008-Oct-27,1048 
2008-Oct-28,982 
2008-Oct-29,925 
2008-Oct-30,885 
2008-Oct-31,851 
2008-Nov-03,827 
2008-Nov-04,815 
2008-Nov-05,826 
2008-Nov-06,839 
2008-Nov-07,829 
2008-Nov-10,820 
2008-Nov-11,818 
2008-Nov-12,824 
2008-Nov-13,838 
2008-Nov-14,841 
2008-Nov-17,856 
2008-Nov-18,865 
2008-Nov-19,859 
2008-Nov-20,847 
2008-Nov-21,836 
2008-Nov-24,824 
2008-Nov-25,804 
2008-Nov-26,763 
2008-Nov-27,733 
2008-Nov-28,715 
2008-Dec-01,700 
2008-Dec-02,684 
2008-Dec-03,672 
2008-Dec-04,666 
2008-Dec-05,663 
2008-Dec-08,671 
2008-Dec-09,679 
2008-Dec-10,691 
2008-Dec-11,711 
2008-Dec-12,764 
2008-Dec-15,803 
2008-Dec-16,828 
2008-Dec-17,836 
2008-Dec-18,829 
2008-Dec-19,818 
2008-Dec-22,801 
2008-Dec-23,784 
2008-Dec-24,774 
2009-Jan-02,773 
2009-Jan-05,772 
2009-Jan-06,775 
2009-Jan-07,789 
2009-Jan-08,821 
2009-Jan-09,872 
2009-Jan-12,889 
2009-Jan-13,911 
2009-Jan-14,920 
2009-Jan-15,908 
2009-Jan-16,881 
2009-Jan-19,868 
2009-Jan-20,872 
2009-Jan-21,900 
2009-Jan-22,945 
2009-Jan-23,980 
2009-Jan-26,995 
2009-Jan-27,1004 
2009-Jan-28,1014 
2009-Jan-29,1036 
2009-Jan-30,1070 
2009-Feb-02,1099 
2009-Feb-03,1148 
2009-Feb-04,1316 
2009-Feb-05,1498 
2009-Feb-06,1642 
2009-Feb-09,1815 
2009-Feb-10,1974 
2009-Feb-11,2055 
2009-Feb-12,1989 
2009-Feb-13,1908 
2009-Feb-16,1846 
2009-Feb-17,1895 
2009-Feb-18,1986 
2009-Feb-19,2057 
2009-Feb-20,2099 
2009-Feb-23,2084 
2009-Feb-24,2010 
2009-Feb-25,1960 
2009-Feb-26,1950 
2009-Feb-27,1986 
2009-Mar-02,2014 
2009-Mar-03,2034 
2009-Mar-04,2084 
2009-Mar-05,2167 
2009-Mar-06,2225 
2009-Mar-09,2262 
2009-Mar-10,2298 
2009-Mar-11,2271 
2009-Mar-12,2201 
2009-Mar-13,2122 
2009-Mar-16,2058 
2009-Mar-17,1974 
2009-Mar-18,1861 
2009-Mar-19,1795 
2009-Mar-20,1782 
2009-Mar-23,1773 
2009-Mar-24,1758 
2009-Mar-25,1740 
2009-Mar-26,1714 
2009-Mar-27,1678 
2009-Mar-30,1646 
2009-Mar-31,1615 
2009-Apr-01,1574 
2009-Apr-02,1538 
2009-Apr-03,1506 
2009-Apr-06,1486 
2009-Apr-07,1466 
2009-Apr-08,1463 
2009-Apr-09,1478 
2009-Apr-14,1492 
2009-Apr-15,1534 
2009-Apr-16,1604 
2009-Apr-17,1682 
2009-Apr-20,1737 
2009-Apr-21,1797 
2009-Apr-22,1869 
2009-Apr-23,1897 
2009-Apr-24,1873 
2009-Apr-27,1839 
2009-Apr-28,1790 
2009-Apr-29,1772 
2009-Apr-30,1786 
2009-May-01,1806 
2009-May-05,1897 
2009-May-06,2065 
2009-May-07,2194 
2009-May-08,2214 
2009-May-11,2215 
2009-May-12,2253 
2009-May-13,2332 
2009-May-14,2432 
2009-May-15,2544 
2009-May-18,2605 
2009-May-19,2644 
2009-May-20,2665 
2009-May-21,2707 
2009-May-22,2786 
2009-May-26,2942 
2009-May-27,3164 
2009-May-28,3298 
2009-May-29,3494 
2009-Jun-01,3681 
2009-Jun-02,4106 
2009-Jun-03,4291 
2009-Jun-04,4093 
2009-Jun-05,3809 
2009-Jun-08,3646 
2009-Jun-09,3518 
2009-Jun-10,3452 
2009-Jun-11,3483 
2009-Jun-12,3583 
2009-Jun-15,3763 
2009-Jun-16,3951 
2009-Jun-17,4026 
2009-Jun-18,4073 
2009-Jun-19,4070 
2009-Jun-22,4029 
2009-Jun-23,3874 
2009-Jun-24,3751 
2009-Jun-25,3703 
2009-Jun-26,3703 
2009-Jun-29,3734 
2009-Jun-30,3757 
2009-Jul-01,3742 
2009-Jul-02,3672 
2009-Jul-03,3520 
2009-Jul-06,3375 
2009-Jul-07,3216 
2009-Jul-08,3107 
2009-Jul-09,3018 
2009-Jul-10,2985 
2009-Jul-13,2975 
2009-Jul-14,3097 
2009-Jul-15,3324 
2009-Jul-16,3501 
2009-Jul-17,3542 
2009-Jul-20,3511 
2009-Jul-21,3455 
2009-Jul-22,3407 
2009-Jul-23,3355 
2009-Jul-24,3345 
2009-Jul-27,3407 
2009-Jul-28,3475 
2009-Jul-29,3499 
2009-Jul-30,3445 
2009-Jul-31,3350 
2009-Aug-03,3251 
2009-Aug-04,3159 
2009-Aug-05,3051 
2009-Aug-06,2907 
2009-Aug-07,2772 
2009-Aug-10,2689 
2009-Aug-11,2623 
2009-Aug-12,2612 
2009-Aug-13,2685 
2009-Aug-14,2752 
2009-Aug-17,2774 
2009-Aug-18,2704 
2009-Aug-19,2614 
2009-Aug-20,2534 
2009-Aug-21,2468 
2009-Aug-24,2437 
2009-Aug-25,2388 
2009-Aug-26,2427 
2009-Aug-27,2425 
2009-Aug-28,2421 
2009-Sep-01,2423 
2009-Sep-02,2413 
2009-Sep-03,2414 
2009-Sep-04,2415 
2009-Sep-07,2429 
2009-Sep-08,2462 
2009-Sep-09,2491 
2009-Sep-10,2492 
2009-Sep-11,2468 
2009-Sep-14,2450 
2009-Sep-15,2431 
2009-Sep-16,2415 
2009-Sep-17,2390 
2009-Sep-18,2356 
2009-Sep-21,2318 
2009-Sep-22,2246 
2009-Sep-23,2175 
2009-Sep-24,2163 
2009-Sep-25,2183 
2009-Sep-28,2192 
2009-Sep-29,2185 
2009-Sep-30,2220 
2009-Oct-01,2284 
2009-Oct-02,2357 
2009-Oct-05,2362 
2009-Oct-06,2441 
2009-Oct-07,2546 
2009-Oct-08,2647 
2009-Oct-09,2695 
2009-Oct-12,2696 
2009-Oct-13,2646 
2009-Oct-14,2597 
2009-Oct-15,2688 
2009-Oct-16,2728 
2009-Oct-19,2766 
2009-Oct-20,2832 
2009-Oct-21,2917 
2009-Oct-22,3001 
2009-Oct-23,3043 
2009-Oct-26,3044 
2009-Oct-27,3013 
2009-Oct-28,2986 
2009-Oct-29,3013 
2009-Oct-30,3103 
2009-Nov-02,3185 
2009-Nov-03,3247 
2009-Nov-04,3295 
2009-Nov-05,3335 
2009-Nov-06,3393 
2009-Nov-09,3480 
2009-Nov-10,3615 
2009-Nov-11,3748 
2009-Nov-12,3954 
2009-Nov-13,4111 
2009-Nov-16,4220 
2009-Nov-17,4381 
2009-Nov-18,4643 
2009-Nov-19,4661 
2009-Nov-20,4507 
2009-Nov-23,4423 
2009-Nov-24,4340 
2009-Nov-25,4234 
2009-Nov-26,4119 
2009-Nov-27,3974 
2009-Nov-30,3887 
2009-Dec-01,3836 
2009-Dec-02,3918 
2009-Dec-03,4062 
2009-Dec-04,4107 
2009-Dec-07,4036 
2009-Dec-08,3902 
2009-Dec-09,3791 
2009-Dec-10,3671 
2009-Dec-11,3579 
2009-Dec-14,3530 
2009-Dec-15,3518 
2009-Dec-16,3474 
2009-Dec-17,3376 
2009-Dec-18,3258 
2009-Dec-21,3154 
2009-Dec-22,3063 
2009-Dec-23,3023 
2009-Dec-24,3005 
2010-Jan-04,3140 
2010-Jan-05,3270 
2010-Jan-06,3259 
2010-Jan-07,3149 
2010-Jan-08,3140 
2010-Jan-11,3148 
2010-Jan-12,3160 
2010-Jan-13,3175 
2010-Jan-14,3235 
2010-Jan-15,3299 
2010-Jan-18,3295 
2010-Jan-19,3208 
2010-Jan-20,3158 
2010-Jan-21,3170 
2010-Jan-22,3204 
2010-Jan-25,3223 
2010-Jan-26,3205 
2010-Jan-27,3118 
2010-Jan-28,2963 
2010-Jan-29,2848 
2010-Feb-01,2745 
2010-Feb-02,2691 
2010-Feb-03,2673 
2010-Feb-04,2685 
2010-Feb-05,2715 
2010-Feb-08,2722 
2010-Feb-09,2706 
2010-Feb-10,2630 
2010-Feb-11,2575 
2010-Feb-12,2571 
2010-Feb-15,2566 
2010-Feb-16,2598 
2010-Feb-17,2661 
2010-Feb-18,2704 
2010-Feb-19,2714 
2010-Feb-22,2721 
2010-Feb-23,2724 
2010-Feb-24,2707 
2010-Feb-25,2711 
2010-Feb-26,2738 
2010-Mar-01,2760 
2010-Mar-02,2792 
2010-Mar-03,2911 
2010-Mar-04,3121 
2010-Mar-05,3242 
2010-Mar-08,3259 
2010-Mar-09,3210 
2010-Mar-10,3230 
2010-Mar-11,3316 
2010-Mar-12,3506 
2010-Mar-15,3574 
2010-Mar-16,3498 
2010-Mar-17,3427 
2010-Mar-18,3396 
2010-Mar-19,3379 
2010-Mar-22,3337 
2010-Mar-23,3280 
2010-Mar-24,3243 
2010-Mar-25,3177 
2010-Mar-26,3098 
2010-Mar-29,3021 
2010-Mar-30,2982 
2010-Mar-31,2998 
2010-Apr-01,2991 
2010-Apr-06,2981 
2010-Apr-07,2947 
2010-Apr-08,2922 
2010-Apr-09,2913 
2010-Apr-12,2911 
2010-Apr-13,2928 
2010-Apr-14,2966 
2010-Apr-15,3001 
2010-Apr-16,3009 
2010-Apr-19,3002 
2010-Apr-20,2998 
2010-Apr-21,3009 
2010-Apr-22,3006 
2010-Apr-23,3013 
2010-Apr-26,3020 
2010-Apr-27,3203 
2010-Apr-28,3329 
2010-Apr-29,3359 
2010-Apr-30,3354 
2010-May-04,3352 
2010-May-05,3379 
2010-May-06,3468 
2010-May-07,3608 
2010-May-10,3707 
2010-May-11,3822 
2010-May-12,3888 
2010-May-13,3914 
2010-May-14,3929 
2010-May-17,3922 
2010-May-18,3882 
2010-May-19,3832 
2010-May-20,3803 
2010-May-21,3844 
2010-May-24,3943 
2010-May-25,4187 
2010-May-26,4209 
2010-May-27,4156 
2010-May-28,4078 
2010-Jun-01,4074 
2010-Jun-02,4041 
2010-Jun-03,3933 
2010-Jun-04,3844 
2010-Jun-07,3733 
2010-Jun-08,3579 
2010-Jun-09,3514 
2010-Jun-10,3423 
2010-Jun-11,3288 
2010-Jun-14,3115 
2010-Jun-15,3020 
2010-Jun-16,2893 
2010-Jun-17,2784 
2010-Jun-18,2694 
2010-Jun-21,2601 
2010-Jun-22,2547 
2010-Jun-23,2515 
2010-Jun-24,2502 
2010-Jun-25,2501 
2010-Jun-28,2482 
2010-Jun-29,2447 
2010-Jun-30,2406 
2010-Jul-01,2351 
2010-Jul-02,2280 
2010-Jul-05,2216 
2010-Jul-06,2127 
2010-Jul-07,2018 
2010-Jul-08,1940 
2010-Jul-09,1902 
2010-Jul-12,1840 
2010-Jul-13,1790 
2010-Jul-14,1709 
2010-Jul-15,1700 
2010-Jul-16,1720 
2010-Jul-19,1732 
2010-Jul-20,1761 
2010-Jul-21,1781 
2010-Jul-22,1801 
2010-Jul-23,1826 
2010-Jul-26,1841 
2010-Jul-27,1869 
2010-Jul-28,1901 
2010-Jul-29,1942 
2010-Jul-30,1967 
2010-Aug-02,1977 
2010-Aug-03,1964 
2010-Aug-04,1957 
2010-Aug-05,1978 
2010-Aug-06,2030 
2010-Aug-09,2114 
2010-Aug-10,2212 
2010-Aug-11,2378 
2010-Aug-12,2437 
2010-Aug-13,2468 
2010-Aug-16,2488 
2010-Aug-17,2515 
2010-Aug-18,2558 
2010-Aug-19,2644 
2010-Aug-20,2756 
2010-Aug-23,2841 
2010-Aug-24,2861 
2010-Aug-25,2773 
2010-Aug-26,2703 
2010-Aug-27,2712 
2010-Aug-31,2713 
2010-Sep-01,2741 
2010-Sep-02,2835 
2010-Sep-03,2876 
2010-Sep-06,2881 
2010-Sep-07,2918 
2010-Sep-08,2975 
2010-Sep-09,2988 
2010-Sep-10,2995 
2010-Sep-13,2976 
2010-Sep-14,2940 
2010-Sep-15,2840 
2010-Sep-16,2737 
2010-Sep-17,2676 
2010-Sep-20,2628 
2010-Sep-21,2562 
2010-Sep-22,2486 
2010-Sep-23,2461 
2010-Sep-24,2444 
2010-Sep-27,2451 
2010-Sep-28,2504 
2010-Sep-29,2468 
2010-Sep-30,2446 
2010-Oct-01,2452 
2010-Oct-04,2478 
2010-Oct-05,2569 
2010-Oct-06,2639 
2010-Oct-07,2662 
2010-Oct-08,2696 
2010-Oct-11,2695 
2010-Oct-12,2719 
2010-Oct-13,2748 
2010-Oct-14,2769 
2010-Oct-15,2762 
2010-Oct-18,2756 
2010-Oct-19,2744 
2010-Oct-20,2729 
2010-Oct-21,2720 
2010-Oct-22,2727 
2010-Oct-25,2748 
2010-Oct-26,2778 
2010-Oct-27,2784 
2010-Oct-28,2707 
2010-Oct-29,2678 
2010-Nov-01,2648 
2010-Nov-02,2600 
2010-Nov-03,2542 
2010-Nov-04,2510 
2010-Nov-05,2495 
2010-Nov-08,2482 
2010-Nov-09,2467 
2010-Nov-10,2454 
2010-Nov-11,2366 
2010-Nov-12,2313 
2010-Nov-15,2261 
2010-Nov-16,2219 
2010-Nov-17,2188 
2010-Nov-18,2164 
2010-Nov-19,2155 
2010-Nov-22,2179 
2010-Nov-23,2199 
2010-Nov-24,2213 
2010-Nov-25,2200 
2010-Nov-26,2170 
2010-Nov-29,2145 
2010-Nov-30,2099 
2010-Dec-01,2096 
2010-Dec-02,2133 
2010-Dec-03,2168 
2010-Dec-06,2179 
2010-Dec-07,2173 
2010-Dec-08,2144 
2010-Dec-09,2111 
2010-Dec-10,2095 
2010-Dec-13,2076 
2010-Dec-14,2069 
2010-Dec-15,2047 
2010-Dec-16,2028 
2010-Dec-17,1999 
2010-Dec-20,1955 
2010-Dec-21,1886 
2010-Dec-22,1830 
2010-Dec-23,1795 
2010-Dec-24,1773 
2011-Jan-04,1693 
2011-Jan-05,1621 
2011-Jan-06,1544 
2011-Jan-07,1519 
2011-Jan-10,1495 
2011-Jan-11,1480 
2011-Jan-12,1453 
2011-Jan-13,1438 
2011-Jan-14,1439 
2011-Jan-17,1439 
2011-Jan-18,1432 
2011-Jan-19,1411 
2011-Jan-20,1393 
2011-Jan-21,1370 
2011-Jan-24,1345 
2011-Jan-25,1292 
2011-Jan-26,1234 
2011-Jan-27,1186 
2011-Jan-28,1137 
2011-Jan-31,1107 
2011-Feb-01,1084 
2011-Feb-02,1064 
2011-Feb-03,1045 
2011-Feb-04,1043 
2011-Feb-07,1045 
2011-Feb-08,1064 
2011-Feb-09,1092 
2011-Feb-10,1136 
2011-Feb-11,1178 
2011-Feb-14,1206 
2011-Feb-15,1236 
2011-Feb-16,1271 
2011-Feb-17,1292 
2011-Feb-18,1301 
2011-Feb-21,1295 
2011-Feb-22,1279 
2011-Feb-23,1253 
2011-Feb-24,1242 
2011-Feb-25,1245 
2011-Feb-28,1251 
2011-Mar-01,1262 
2011-Mar-02,1281 
2011-Mar-03,1317 
2011-Mar-04,1346 
2011-Mar-07,1382 
2011-Mar-08,1424 
2011-Mar-09,1472 
2011-Mar-10,1538 
2011-Mar-11,1562 
2011-Mar-14,1559 
2011-Mar-15,1548 
2011-Mar-16,1538 
2011-Mar-17,1533 
2011-Mar-18,1531 
2011-Mar-21,1531 
2011-Mar-22,1543 
2011-Mar-23,1565 
2011-Mar-24,1583 
2011-Mar-25,1585 
2011-Mar-28,1585 
2011-Mar-29,1572 
2011-Mar-30,1545 
2011-Mar-31,1530 
2011-Apr-01,1520 
2011-Apr-04,1498 
2011-Apr-05,1462 
2011-Apr-06,1430 
2011-Apr-07,1401 
2011-Apr-08,1376 
2011-Apr-11,1359 
2011-Apr-12,1342 
2011-Apr-13,1324 
2011-Apr-14,1309 
2011-Apr-15,1296 
2011-Apr-18,1284 
2011-Apr-19,1271 
2011-Apr-20,1262 
2011-Apr-21,1254 
2011-Apr-26,1250 
2011-Apr-27,1259 
2011-Apr-28,1269 
2011-May-03,1292 
2011-May-04,1302 
2011-May-05,1314 
2011-May-06,1340 
2011-May-09,1348 
2011-May-10,1344 
2011-May-11,1334 
2011-May-12,1320 
2011-May-13,1306 
2011-May-16,1291 
2011-May-17,1274 
2011-May-18,1271 
2011-May-19,1329 
2011-May-20,1349 
2011-May-23,1369 
2011-May-24,1398 
2011-May-25,1446 
2011-May-26,1467 
2011-May-27,1474 
2011-May-31,1480 
2011-Jun-01,1485 
2011-Jun-02,1489 
2011-Jun-03,1489 
2011-Jun-06,1484 
2011-Jun-07,1456 
2011-Jun-08,1434 
2011-Jun-09,1428 
2011-Jun-10,1418 
2011-Jun-13,1412 
2011-Jun-14,1400 
2011-Jun-15,1405 
2011-Jun-16,1424 
2011-Jun-17,1423 
2011-Jun-20,1418 
2011-Jun-21,1409 
2011-Jun-22,1406 
2011-Jun-23,1414 
2011-Jun-24,1424 
2011-Jun-27,1442 
2011-Jun-28,1438 
2011-Jun-29,1420 
2011-Jun-30,1413 
2011-Jul-01,1422 
2011-Jul-04,1419 
2011-Jul-05,1428 
2011-Jul-06,1443 
2011-Jul-07,1453 
2011-Jul-08,1449 
2011-Jul-11,1437 
2011-Jul-12,1411 
2011-Jul-13,1383 
2011-Jul-14,1367 
2011-Jul-15,1353 
2011-Jul-18,1340 
2011-Jul-19,1330 
2011-Jul-20,1328 
2011-Jul-21,1325 
2011-Jul-22,1323 
2011-Jul-25,1317 
2011-Jul-26,1310 
2011-Jul-27,1296 
2011-Jul-28,1278 
2011-Jul-29,1264 
2011-Aug-01,1256 
2011-Aug-02,1253 
2011-Aug-03,1260 
2011-Aug-04,1268 
2011-Aug-05,1268 
2011-Aug-08,1264 
2011-Aug-09,1257 
2011-Aug-10,1265 
2011-Aug-11,1277 
2011-Aug-12,1287 
2011-Aug-15,1306 
2011-Aug-16,1344 
2011-Aug-17,1371 
2011-Aug-18,1414 
2011-Aug-19,1462 
2011-Aug-22,1515 
2011-Aug-23,1565 
2011-Aug-24,1602 
2011-Aug-25,1582 
2011-Aug-26,1541 
2011-Aug-30,1537 
2011-Aug-31,1619 
2011-Sep-01,1682 
2011-Sep-02,1740 
2011-Sep-05,1750 
2011-Sep-06,1767 
2011-Sep-07,1744 
2011-Sep-08,1782 
2011-Sep-09,1838 
2011-Sep-12,1876 
2011-Sep-13,1901 
2011-Sep-14,1927 
2011-Sep-15,1907 
2011-Sep-16,1814 
2011-Sep-19,1764 
2011-Sep-20,1795 
2011-Sep-21,1811 
2011-Sep-22,1884 
2011-Sep-23,1920 
2011-Sep-26,1928 
2011-Sep-27,1927 
2011-Sep-28,1920 
2011-Sep-29,1913 
2011-Sep-30,1899 
2011-Oct-03,1886 
2011-Oct-04,1885 
2011-Oct-05,1908 
2011-Oct-06,1967 
2011-Oct-07,2000 
2011-Oct-10,2032 
2011-Oct-11,2106 
2011-Oct-12,2127 
2011-Oct-13,2155 
2011-Oct-14,2173 
2011-Oct-17,2160 
2011-Oct-18,2136 
2011-Oct-19,2140 
2011-Oct-20,2161 
2011-Oct-21,2153 
2011-Oct-24,2153 
2011-Oct-25,2161 
2011-Oct-26,2145 
2011-Oct-27,2091 
2011-Oct-28,2018 
2011-Oct-31,1965 
2011-Nov-01,1912 
2011-Nov-02,1859 
2011-Nov-03,1817 
2011-Nov-04,1784 
2011-Nov-07,1766 
2011-Nov-08,1759 
2011-Nov-09,1802 
2011-Nov-10,1840 
2011-Nov-11,1835 
2011-Nov-14,1818 
2011-Nov-15,1846 
2011-Nov-16,1884 
2011-Nov-17,1898 
2011-Nov-18,1895 
2011-Nov-21,1874 
2011-Nov-22,1854 
2011-Nov-23,1830 
2011-Nov-24,1814 
2011-Nov-25,1807 
2011-Nov-28,1809 
2011-Nov-29,1828 
2011-Nov-30,1846 
2011-Dec-01,1862 
2011-Dec-02,1866 
2011-Dec-05,1856 
2011-Dec-06,1848 
2011-Dec-07,1849 
2011-Dec-08,1882 
2011-Dec-09,1922 
2011-Dec-12,1930 
2011-Dec-13,1922 
2011-Dec-14,1912 
2011-Dec-15,1889 
2011-Dec-16,1888 
2011-Dec-19,1885 
2011-Dec-20,1878 
2011-Dec-21,1856 
2011-Dec-22,1787 
2011-Dec-23,1738 
2012-Jan-03,1624 
2012-Jan-04,1552 
2012-Jan-05,1426 
2012-Jan-06,1347 
2012-Jan-09,1308 
2012-Jan-10,1258 
2012-Jan-11,1193 
2012-Jan-12,1105 
2012-Jan-13,1053 
2012-Jan-16,1013 
2012-Jan-17,974 
2012-Jan-18,926 
2012-Jan-19,893 
2012-Jan-20,862 
2012-Jan-23,841 
2012-Jan-24,807 
2012-Jan-25,784 
2012-Jan-26,753 
2012-Jan-27,726 
2012-Jan-30,702 
2012-Jan-31,680 
2012-Feb-01,662 
2012-Feb-02,651 
2012-Feb-03,647 
2012-Feb-06,648 
2012-Feb-07,660 
2012-Feb-08,676 
2012-Feb-09,695 
2012-Feb-10,715 
2012-Feb-13,729 
2012-Feb-14,734 
2012-Feb-15,731 
2012-Feb-16,723 
2012-Feb-17,717 
2012-Feb-20,715 
2012-Feb-21,706 
2012-Feb-22,704 
2012-Feb-23,706 
2012-Feb-24,718 
2012-Feb-27,730 
2012-Feb-28,738 
2012-Feb-29,750 
2012-Mar-01,763 
2012-Mar-02,771 
2012-Mar-05,782 
2012-Mar-06,787 
2012-Mar-07,798 
2012-Mar-08,812 
2012-Mar-09,824 
2012-Mar-12,837 
2012-Mar-13,844 
2012-Mar-14,855 
2012-Mar-15,866 
2012-Mar-16,874 
2012-Mar-19,879 
2012-Mar-20,884 
2012-Mar-21,896 
2012-Mar-22,902 
2012-Mar-23,908 
2012-Mar-26,912 
2012-Mar-27,917 
2012-Mar-28,922 
2012-Mar-29,930 
2012-Mar-30,934 
2012-Apr-02,934 
2012-Apr-03,931 
2012-Apr-04,926 
2012-Apr-05,928 
2012-Apr-10,928 
2012-Apr-11,944 
2012-Apr-12,960 
2012-Apr-13,972 
2012-Apr-16,975 
2012-Apr-17,989 
2012-Apr-18,1006 
2012-Apr-19,1028 
2012-Apr-20,1067 
2012-Apr-23,1090 
2012-Apr-24,1116 
2012-Apr-25,1137 
2012-Apr-26,1148 
2012-Apr-27,1156 
2012-Apr-30,1155 
2012-May-01,1152 
2012-May-02,1149 
2012-May-03,1157 
2012-May-04,1157 
2012-May-08,1165 
2012-May-09,1156 
2012-May-10,1146 
2012-May-11,1138 
2012-May-14,1132 
2012-May-15,1130 
2012-May-16,1137 
2012-May-17,1137 
2012-May-18,1141 
2012-May-21,1141 
2012-May-22,1127 
2012-May-23,1100 
2012-May-24,1058 
2012-May-25,1034 
2012-May-28,1012 
2012-May-29,986 
2012-May-30,950 
2012-May-31,923 
2012-Jun-01,904 
2012-Jun-06,878 
2012-Jun-07,872 
2012-Jun-08,877 
2012-Jun-11,884 
2012-Jun-12,893 
2012-Jun-13,902 
2012-Jun-14,912 
2012-Jun-15,924 
2012-Jun-18,938 
2012-Jun-19,954 
2012-Jun-20,972 
2012-Jun-21,978 
2012-Jun-22,978 
2012-Jun-25,978 
2012-Jun-26,981 
2012-Jun-27,988 
2012-Jun-28,994 
2012-Jun-29,1004 
2012-Jul-02,1013 
2012-Jul-03,1063 
2012-Jul-04,1103 
2012-Jul-05,1138 
2012-Jul-06,1157 
2012-Jul-09,1162 
2012-Jul-10,1160 
2012-Jul-11,1146 
2012-Jul-12,1121 
2012-Jul-13,1110 
2012-Jul-16,1102 
2012-Jul-17,1093 
2012-Jul-18,1074 
2012-Jul-19,1053 
2012-Jul-20,1037 
2012-Jul-23,1022 
2012-Jul-24,1003 
2012-Jul-25,982 
2012-Jul-26,958 
2012-Jul-27,933 
2012-Jul-30,915 
2012-Jul-31,897 
2012-Aug-01,878 
2012-Aug-02,861 
2012-Aug-03,852 
2012-Aug-06,843 
2012-Aug-07,836 
2012-Aug-08,812 
2012-Aug-09,790 
2012-Aug-10,774 
2012-Aug-13,764 
2012-Aug-14,750 
2012-Aug-15,728 
2012-Aug-16,720 
2012-Aug-17,714 
2012-Aug-20,711 
2012-Aug-21,709 
2012-Aug-22,712 
2012-Aug-23,715 
2012-Aug-24,717 
2012-Aug-28,724 
2012-Aug-29,718 
2012-Aug-30,707 
2012-Aug-31,703 
2012-Sep-03,698 
2012-Sep-04,693 
2012-Sep-05,684 
2012-Sep-06,675 
2012-Sep-07,669 
2012-Sep-10,666 
2012-Sep-11,662 
2012-Sep-12,661 
2012-Sep-13,663 
2012-Sep-14,662 
2012-Sep-17,663 
2012-Sep-18,697 
2012-Sep-19,722 
2012-Sep-20,755 
2012-Sep-21,774 
2012-Sep-24,772 
2012-Sep-25,763 
2012-Sep-26,752 
2012-Sep-27,744 
2012-Sep-28,766 
2012-Oct-01,777 
2012-Oct-02,778 
2012-Oct-03,798 
2012-Oct-04,845 
2012-Oct-05,875 
2012-Oct-08,883 
2012-Oct-09,875 
2012-Oct-10,875 
2012-Oct-11,903 
2012-Oct-12,926 
2012-Oct-15,941 
2012-Oct-16,981 
2012-Oct-17,999 
2012-Oct-18,989 
2012-Oct-19,1010 
2012-Oct-22,1037 
2012-Oct-23,1109 
2012-Oct-24,1088 
2012-Oct-25,1051 
2012-Oct-26,1049 
2012-Oct-29,1048 
2012-Oct-30,1043 
2012-Oct-31,1026 
2012-Nov-01,1000 
2012-Nov-02,986 
2012-Nov-05,971 
2012-Nov-06,947 
2012-Nov-07,916 
2012-Nov-08,916 
2012-Nov-09,940 
2012-Nov-12,965 
2012-Nov-13,985 
2012-Nov-14,1011 
2012-Nov-15,1024 
2012-Nov-16,1036 
2012-Nov-19,1054 
2012-Nov-20,1066 
2012-Nov-21,1073 
2012-Nov-22,1084 
2012-Nov-23,1090 
2012-Nov-26,1094 
2012-Nov-27,1097 
2012-Nov-28,1104 
2012-Nov-29,1097 
2012-Nov-30,1086 
2012-Dec-03,1077 
2012-Dec-04,1054 
2012-Dec-05,1022 
2012-Dec-06,990 
2012-Dec-07,966 
2012-Dec-10,937 
2012-Dec-11,900 
2012-Dec-12,826 
2012-Dec-13,799 
2012-Dec-14,784 
2012-Dec-17,766 
2012-Dec-18,743 
2012-Dec-19,720 
2012-Dec-20,708 
2012-Dec-21,700 
2012-Dec-24,699 
2013-Jan-02,698 
2013-Jan-03,700 
2013-Jan-04,706 
2013-Jan-07,712 
2013-Jan-08,734 
2013-Jan-09,743 
2013-Jan-10,751 
2013-Jan-11,760 
2013-Jan-14,762 
2013-Jan-15,765 
2013-Jan-16,781 
2013-Jan-17,820 
2013-Jan-18,837 
2013-Jan-21,838 
2013-Jan-22,825 
2013-Jan-23,817 
2013-Jan-24,808 
2013-Jan-25,798 
2013-Jan-28,792 
2013-Jan-29,779 
2013-Jan-30,767 
2013-Jan-31,760 
2013-Feb-01,750 
2013-Feb-04,745 
2013-Feb-05,739 
2013-Feb-06,740 
2013-Feb-07,749 
2013-Feb-08,748 
2013-Feb-11,746 
2013-Feb-12,747 
2013-Feb-13,751 
2013-Feb-14,748 
2013-Feb-15,753 
2013-Feb-18,747 
2013-Feb-19,738 
2013-Feb-20,735 
2013-Feb-21,737 
2013-Feb-22,740 
2013-Feb-25,743 
2013-Feb-26,741 
2013-Feb-27,745 
2013-Feb-28,757 
2013-Mar-01,776 
2013-Mar-04,789 
2013-Mar-05,806 
2013-Mar-06,820 
2013-Mar-07,834 
2013-Mar-08,843 
2013-Mar-11,847 
2013-Mar-12,865 
2013-Mar-13,875 
2013-Mar-14,880 
2013-Mar-15,892 
2013-Mar-18,899 
2013-Mar-19,912 
2013-Mar-20,923 
2013-Mar-21,930 
2013-Mar-22,933 
2013-Mar-25,935 
2013-Mar-26,931 
2013-Mar-27,922 
2013-Mar-28,910 
2013-Apr-02,896 
2013-Apr-03,877 
2013-Apr-04,866 
2013-Apr-05,861 
2013-Apr-08,858 
2013-Apr-09,856 
2013-Apr-10,859 
2013-Apr-11,865 
2013-Apr-12,875 
2013-Apr-15,876 
2013-Apr-16,880 
2013-Apr-17,885 
2013-Apr-18,885 
2013-Apr-19,888 
2013-Apr-22,889 
2013-Apr-23,885 
2013-Apr-24,879 
2013-Apr-25,872 
2013-Apr-26,871 
2013-Apr-29,868 
2013-Apr-30,863 
2013-May-01,862 
2013-May-02,873 
2013-May-03,878 
2013-May-07,889 
2013-May-08,892 
2013-May-09,889 
2013-May-10,884 
2013-May-13,879 
2013-May-14,872 
2013-May-15,861 
2013-May-16,850 
2013-May-17,841 
2013-May-20,836 
2013-May-21,830 
2013-May-22,829 
2013-May-23,828 
2013-May-24,826 
2013-May-28,822 
2013-May-29,818 
2013-May-30,811 
2013-May-31,809 
2013-Jun-03,806 
2013-Jun-04,805 
2013-Jun-05,801 
2013-Jun-06,806 
2013-Jun-07,812 
2013-Jun-10,815 
2013-Jun-11,825 
2013-Jun-12,847 
2013-Jun-13,873 
2013-Jun-14,900 
2013-Jun-17,925 
2013-Jun-18,962 
2013-Jun-19,995 
2013-Jun-20,1012 
2013-Jun-21,1027 
2013-Jun-24,1062 
2013-Jun-25,1090 
2013-Jun-26,1125 
2013-Jun-27,1151 
2013-Jun-28,1171 
2013-Jul-01,1179 
2013-Jul-02,1170 
2013-Jul-03,1133 
2013-Jul-04,1103 
2013-Jul-05,1099 
2013-Jul-08,1115 
2013-Jul-09,1120 
2013-Jul-10,1130 
2013-Jul-11,1139 
2013-Jul-12,1149 
2013-Jul-15,1151 
2013-Jul-16,1152 
2013-Jul-17,1151 
2013-Jul-18,1146 
2013-Jul-19,1138 
2013-Jul-22,1135 
2013-Jul-23,1127 
2013-Jul-24,1117 
2013-Jul-25,1092 
2013-Jul-26,1082 
2013-Jul-29,1075 
2013-Jul-30,1067 
2013-Jul-31,1062 
2013-Aug-01,1066 
2013-Aug-02,1065 
2013-Aug-05,1058 
2013-Aug-06,1046 
2013-Aug-07,1024 
2013-Aug-08,1012 
2013-Aug-09,1001 
2013-Aug-12,996 
2013-Aug-13,1007 
2013-Aug-14,1060 
2013-Aug-15,1091 
2013-Aug-16,1102 
2013-Aug-19,1115 
2013-Aug-20,1145 
2013-Aug-21,1156 
2013-Aug-22,1158 
2013-Aug-23,1165 
2013-Aug-27,1169 
2013-Aug-28,1146 
2013-Aug-29,1136 
2013-Aug-30,1132 
2013-Sep-02,1139 
2013-Sep-03,1168 
2013-Sep-04,1215 
2013-Sep-05,1279 
2013-Sep-06,1352 
2013-Sep-09,1478 
2013-Sep-10,1541 
2013-Sep-11,1628 
2013-Sep-12,1621 
2013-Sep-13,1636 
2013-Sep-16,1651 
2013-Sep-17,1740 
2013-Sep-18,1822 
2013-Sep-19,1860 
2013-Sep-20,1904 
2013-Sep-23,1947 
2013-Sep-24,2021 
2013-Sep-25,2127 
2013-Sep-26,2113 
2013-Sep-27,2046 
2013-Sep-30,2003 
2013-Oct-01,1994 
2013-Oct-02,2008 
2013-Oct-03,2047 
2013-Oct-04,2084 
2013-Oct-07,2115 
2013-Oct-08,2146 
2013-Oct-09,2125 
2013-Oct-10,2011 
2013-Oct-11,1985 
2013-Oct-14,1961 
2013-Oct-15,1963 
2013-Oct-16,1965 
2013-Oct-17,1960 
2013-Oct-18,1901 
2013-Oct-21,1878 
2013-Oct-22,1847 
2013-Oct-23,1786 
2013-Oct-24,1708 
2013-Oct-25,1671 
2013-Oct-28,1619 
2013-Oct-29,1551 
2013-Oct-30,1484 
2013-Oct-31,1504 
2013-Nov-01,1525 
2013-Nov-04,1552 
2013-Nov-05,1600 
2013-Nov-06,1602 
2013-Nov-07,1593 
2013-Nov-08,1581 
2013-Nov-11,1564 
2013-Nov-12,1543 
2013-Nov-13,1531 
2013-Nov-14,1517 
2013-Nov-15,1507 
2013-Nov-18,1500 
2013-Nov-19,1495 
2013-Nov-20,1527 
2013-Nov-21,1499 
2013-Nov-22,1483 
2013-Nov-25,1492 
2013-Nov-26,1512 
2013-Nov-27,1573 
2013-Nov-28,1719 
2013-Nov-29,1821 
2013-Dec-02,1865 
2013-Dec-03,1922 
2013-Dec-04,1994 
2013-Dec-05,2145 
2013-Dec-06,2176 
2013-Dec-09,2183 
2013-Dec-10,2237 
2013-Dec-11,2299 
2013-Dec-12,2337 
2013-Dec-13,2330 
2013-Dec-16,2292 
2013-Dec-17,2225 
2013-Dec-18,2156 
2013-Dec-19,2134 
2013-Dec-20,2208 
2013-Dec-23,2247 
2013-Dec-24,2277 
2014-Jan-02,2113 
2014-Jan-03,2036 
2014-Jan-06,1951 
2014-Jan-07,1876 
2014-Jan-08,1826 
2014-Jan-09,1706 
2014-Jan-10,1512 
2014-Jan-13,1395 
2014-Jan-14,1370 
2014-Jan-15,1374 
2014-Jan-16,1398 
2014-Jan-17,1421 
2014-Jan-20,1428 
2014-Jan-21,1369 
2014-Jan-22,1322 
2014-Jan-23,1271 
2014-Jan-24,1246 
2014-Jan-27,1217 
2014-Jan-28,1177 
2014-Jan-29,1148 
2014-Jan-30,1127 
2014-Jan-31,1110 
2014-Feb-03,1093 
2014-Feb-04,1084 
2014-Feb-05,1086 
2014-Feb-06,1092 
2014-Feb-07,1091 
2014-Feb-10,1096 
2014-Feb-11,1091 
2014-Feb-12,1085 
2014-Feb-13,1097 
2014-Feb-14,1106 
2014-Feb-17,1130 
2014-Feb-18,1146 
2014-Feb-19,1160 
2014-Feb-20,1164 
2014-Feb-21,1175 
2014-Feb-24,1174 
2014-Feb-25,1197 
2014-Feb-26,1222 
2014-Feb-27,1250 
2014-Feb-28,1258 
2014-Mar-03,1276 
2014-Mar-04,1325 
2014-Mar-05,1391 
2014-Mar-06,1480 
2014-Mar-07,1543 
2014-Mar-10,1562 
2014-Mar-11,1580 
2014-Mar-12,1453 
2014-Mar-13,1468 
2014-Mar-14,1477 
2014-Mar-17,1481 
2014-Mar-18,1518 
2014-Mar-19,1570 
2014-Mar-20,1621 
2014-Mar-21,1599 
2014-Mar-24,1602 
2014-Mar-25,1578 
2014-Mar-26,1496 
2014-Mar-27,1412 
2014-Mar-28,1373 
2014-Mar-31,1362 
2014-Apr-01,1316 
2014-Apr-02,1273 
2014-Apr-03,1235 
2014-Apr-04,1205 
2014-Apr-07,1186 
2014-Apr-08,1098 
2014-Apr-09,1061 
2014-Apr-10,1029 
2014-Apr-11,1002 
2014-Apr-14,989 
2014-Apr-15,970 
2014-Apr-16,936 
2014-Apr-17,930 
2014-Apr-22,939 
2014-Apr-23,956 
2014-Apr-24,962 
2014-Apr-25,967 
2014-Apr-28,961 
2014-Apr-29,949 
2014-Apr-30,943 
2014-May-01,993 
2014-May-02,1017 
2014-May-06,1022 
2014-May-07,1022 
2014-May-08,1008 
2014-May-09,997 
2014-May-12,987 
2014-May-13,982 
2014-May-14,1002 
2014-May-15,1021 
2014-May-16,1027 
2014-May-19,1022 
2014-May-20,1010 
2014-May-21,988 
2014-May-22,966 
2014-May-23,964 
2014-May-27,973 
2014-May-28,954 
2014-May-29,940 
2014-May-30,934 
2014-Jun-02,943 
2014-Jun-03,948 
2014-Jun-04,959 
2014-Jun-05,977 
2014-Jun-06,989 
2014-Jun-09,999 
2014-Jun-10,1004 
2014-Jun-11,973 
2014-Jun-12,939 
2014-Jun-13,906 
2014-Jun-16,880 
2014-Jun-17,858 
2014-Jun-18,867 
2014-Jun-19,902 
2014-Jun-20,904 
2014-Jun-23,886 
2014-Jun-24,867 
2014-Jun-25,846 
2014-Jun-26,824 
2014-Jun-27,831 
2014-Jun-30,850 
2014-Jul-01,894 
2014-Jul-02,890 
2014-Jul-03,890 
2014-Jul-04,893 
2014-Jul-07,888 
2014-Jul-08,881 
2014-Jul-09,863 
2014-Jul-10,836 
2014-Jul-11,814 
2014-Jul-14,798 
2014-Jul-15,782 
2014-Jul-16,755 
2014-Jul-17,738 
2014-Jul-18,732 
2014-Jul-21,724 
2014-Jul-22,723 
2014-Jul-23,727 
2014-Jul-24,732 
2014-Jul-25,739 
2014-Jul-28,743 
2014-Jul-29,747 
2014-Jul-30,754 
2014-Jul-31,755 
2014-Aug-01,751 
2014-Aug-04,753 
2014-Aug-05,755 
2014-Aug-06,759 
2014-Aug-07,765 
2014-Aug-08,777 
2014-Aug-11,792 
2014-Aug-12,836 
2014-Aug-13,871 
2014-Aug-14,942 
2014-Aug-15,1015 
2014-Aug-18,1042 
2014-Aug-19,1040 
2014-Aug-20,1061 
2014-Aug-21,1096 
2014-Aug-22,1088 
2014-Aug-26,1070 
2014-Aug-27,1063 
2014-Aug-28,1119 
2014-Aug-29,1147 
2014-Sep-01,1151 
2014-Sep-02,1149 
2014-Sep-03,1142 
2014-Sep-04,1147 
2014-Sep-05,1155 
2014-Sep-08,1166 
2014-Sep-09,1197 
2014-Sep-10,1197 
2014-Sep-11,1186 
2014-Sep-12,1181 
2014-Sep-15,1173 
2014-Sep-16,1150 
2014-Sep-17,1124 
2014-Sep-18,1089 
2014-Sep-19,1075 
2014-Sep-22,1077 
2014-Sep-23,1073 
2014-Sep-24,1056 
2014-Sep-25,1038 
2014-Sep-26,1049 
2014-Sep-29,1062 
2014-Sep-30,1063 
2014-Oct-01,1055 
2014-Oct-02,1041 
2014-Oct-03,1037 
2014-Oct-06,1029 
2014-Oct-07,1015 
2014-Oct-08,991 
2014-Oct-09,974 
2014-Oct-10,963 
2014-Oct-13,954 
2014-Oct-14,948 
2014-Oct-15,935 
2014-Oct-16,930 
2014-Oct-17,944 
2014-Oct-20,973 
2014-Oct-21,1090 
2014-Oct-22,1136 
2014-Oct-23,1155 
2014-Oct-24,1192 
2014-Oct-27,1285 
2014-Oct-28,1395 
2014-Oct-29,1428 
2014-Oct-30,1424 
2014-Oct-31,1428 
2014-Nov-03,1456 
2014-Nov-04,1484 
2014-Nov-05,1464 
2014-Nov-06,1436 
2014-Nov-07,1437 
2014-Nov-10,1418 
2014-Nov-11,1370 
2014-Nov-12,1327 
2014-Nov-13,1264 
2014-Nov-14,1256 
2014-Nov-17,1264 
2014-Nov-18,1296 
2014-Nov-19,1306 
2014-Nov-20,1332 
2014-Nov-21,1324 
2014-Nov-24,1317 
2014-Nov-25,1313 
2014-Nov-26,1239 
2014-Nov-27,1187 
2014-Nov-28,1153 
2014-Dec-01,1137 
2014-Dec-02,1119 
2014-Dec-03,1079 
2014-Dec-04,1019 
2014-Dec-05,982 
2014-Dec-08,952 
2014-Dec-09,933 
2014-Dec-10,911 
2014-Dec-11,887 
2014-Dec-12,863 
2014-Dec-15,845 
2014-Dec-16,838 
2014-Dec-17,827 
2014-Dec-18,814 
2014-Dec-19,803 
2014-Dec-22,794 
2014-Dec-23,788 
2014-Dec-24,782 
2015-Jan-02,771 
2015-Jan-05,761 
2015-Jan-06,758 
2015-Jan-07,744 
2015-Jan-08,724 
2015-Jan-09,709 
2015-Jan-12,723 
2015-Jan-13,762 
2015-Jan-14,757 
2015-Jan-15,749 
2015-Jan-16,741 
2015-Jan-19,739 
2015-Jan-20,753 
2015-Jan-21,770 
2015-Jan-22,751 
2015-Jan-23,720 
2015-Jan-26,703 
2015-Jan-27,688 
2015-Jan-28,666 
2015-Jan-29,632 
2015-Jan-30,608 
2015-Feb-02,590 
2015-Feb-03,577 
2015-Feb-04,569 
2015-Feb-05,564 
2015-Feb-06,559 
2015-Feb-09,554 
2015-Feb-10,556 
2015-Feb-11,553 
2015-Feb-12,540 
2015-Feb-13,530 
2015-Feb-16,522 
2015-Feb-17,516 
2015-Feb-18,509 
2015-Feb-19,511 
2015-Feb-20,513 
2015-Feb-23,512 
2015-Feb-24,516 
2015-Feb-25,524 
2015-Feb-26,533 
2015-Feb-27,540 
2015-Mar-02,548 
2015-Mar-03,553 
2015-Mar-04,559 
2015-Mar-05,561 
2015-Mar-06,565 
2015-Mar-09,568 
2015-Mar-10,568 
2015-Mar-11,565 
2015-Mar-12,560 
2015-Mar-13,562 
2015-Mar-16,564 
2015-Mar-17,568 
2015-Mar-18,571 
2015-Mar-19,584 
2015-Mar-20,591 
2015-Mar-23,594 
2015-Mar-24,597 
2015-Mar-25,598 
2015-Mar-26,598 
2015-Mar-27,596 
2015-Mar-30,599 
2015-Mar-31,602 
2015-Apr-01,596 
2015-Apr-02,588 
2015-Apr-07,583 
2015-Apr-08,580 
2015-Apr-09,580 
2015-Apr-10,580 
2015-Apr-13,578 
2015-Apr-14,581 
2015-Apr-15,586 
2015-Apr-16,593 
2015-Apr-17,597 
2015-Apr-20,598 
2015-Apr-21,601 
2015-Apr-22,600 
2015-Apr-23,599 
2015-Apr-24,600 
2015-Apr-27,600 
2015-Apr-28,601 
2015-Apr-29,595 
2015-Apr-30,591 
2015-May-01,587 
2015-May-05,580 
2015-May-06,575 
2015-May-07,573 
2015-May-08,574 
2015-May-11,578 
2015-May-12,589 
2015-May-13,634 
2015-May-14,637 
2015-May-15,634 
2015-May-18,630 
2015-May-19,620 
2015-May-20,606 
2015-May-21,592 
2015-May-22,586 
2015-May-26,584 
2015-May-27,587 
2015-May-28,588 
2015-May-29,589 
2015-Jun-01,589 
2015-Jun-02,591 
2015-Jun-03,598 
2015-Jun-04,603 
2015-Jun-05,610 
2015-Jun-08,610 
2015-Jun-09,612 
2015-Jun-10,618 
2015-Jun-11,629 
2015-Jun-12,642 
2015-Jun-15,656 
2015-Jun-16,681 
2015-Jun-17,725 
2015-Jun-18,773 
2015-Jun-19,779 
2015-Jun-22,779 
2015-Jun-23,790 
2015-Jun-24,829 
2015-Jun-25,829 
2015-Jun-26,823 
2015-Jun-29,813 
2015-Jun-30,800 
2015-Jul-01,794 
2015-Jul-02,794 
2015-Jul-03,805 
2015-Jul-06,815 
2015-Jul-07,830 
2015-Jul-08,840 
2015-Jul-09,853 
2015-Jul-10,874 
2015-Jul-13,900 
2015-Jul-14,915 
2015-Jul-15,951 
2015-Jul-16,1009 
2015-Jul-17,1048 
2015-Jul-20,1067 
2015-Jul-21,1113 
2015-Jul-22,1118 
2015-Jul-23,1102 
2015-Jul-24,1086 
2015-Jul-27,1090 
2015-Jul-28,1094 
2015-Jul-29,1104 
2015-Jul-30,1100 
2015-Jul-31,1131 
2015-Aug-03,1151 
2015-Aug-04,1200 
2015-Aug-05,1222 
2015-Aug-06,1201 
2015-Aug-07,1200 
2015-Aug-10,1197 
2015-Aug-11,1162 
2015-Aug-12,1093 
2015-Aug-13,1046 
2015-Aug-14,1055 
2015-Aug-17,1063 
2015-Aug-18,1046 
2015-Aug-19,1031 
2015-Aug-20,1014 
2015-Aug-21,994 
2015-Aug-24,968 
2015-Aug-25,942 
2015-Aug-26,918 
2015-Aug-27,905 
2015-Aug-28,903 
2015-Sep-01,911 
2015-Sep-02,906 
2015-Sep-03,891 
2015-Sep-04,875 
2015-Sep-07,876 
2015-Sep-08,873 
2015-Sep-09,855 
2015-Sep-10,830 
2015-Sep-11,818 
2015-Sep-14,805 
2015-Sep-15,802 
2015-Sep-16,814 
2015-Sep-17,883 
2015-Sep-18,960 
2015-Sep-21,978 
2015-Sep-22,923 
2015-Sep-23,917 
2015-Sep-24,922 
2015-Sep-25,943 
2015-Sep-28,943 
2015-Sep-29,926 
2015-Sep-30,900 
2015-Oct-01,888 
2015-Oct-02,889 
2015-Oct-05,881 
2015-Oct-06,869 
2015-Oct-07,841 
2015-Oct-08,817 
2015-Oct-09,809 
2015-Oct-12,809 
2015-Oct-13,804 
2015-Oct-14,787 
2015-Oct-15,766 
2015-Oct-16,754 
2015-Oct-19,747 
2015-Oct-20,762 
2015-Oct-21,780 
2015-Oct-22,786 
2015-Oct-23,774 
2015-Oct-26,759 
2015-Oct-27,739 
2015-Oct-28,736 
2015-Oct-29,728 
2015-Oct-30,721 
2015-Nov-02,706 
2015-Nov-03,680 
2015-Nov-04,657 
2015-Nov-05,640 
2015-Nov-06,631 
2015-Nov-09,628 
2015-Nov-10,622 
2015-Nov-11,599 
2015-Nov-12,579 
2015-Nov-13,560 
2015-Nov-16,550 
2015-Nov-17,537 
2015-Nov-18,519 
2015-Nov-19,504 
2015-Nov-20,498 
2015-Nov-23,516 
2015-Nov-24,528 
2015-Nov-25,546 
2015-Nov-26,562 
2015-Nov-27,581 
2015-Nov-30,584 
2015-Dec-01,598 
2015-Dec-02,590 
2015-Dec-03,574 
2015-Dec-04,563 
2015-Dec-07,551 
2015-Dec-08,551 
2015-Dec-09,546 
2015-Dec-10,534 
2015-Dec-11,522 
2015-Dec-14,508 
2015-Dec-15,484 
2015-Dec-16,471 
2015-Dec-17,471 
2015-Dec-18,477 
2015-Dec-21,478 
2015-Dec-22,474 
2015-Dec-23,475 
2015-Dec-24,478 
2016-Jan-04,473 
2016-Jan-05,468 
2016-Jan-06,467 
2016-Jan-07,445 
2016-Jan-08,429 
2016-Jan-11,415 
2016-Jan-12,402 
2016-Jan-13,394 
2016-Jan-14,383 
2016-Jan-15,373 
2016-Jan-18,369 
2016-Jan-19,363 
2016-Jan-20,358 
2016-Jan-21,355 
2016-Jan-22,354 
2016-Jan-25,354 
2016-Jan-26,345 
2016-Jan-27,337 
2016-Jan-28,325 
2016-Jan-29,317 
2016-Feb-01,314 
2016-Feb-02,310 
2016-Feb-03,303 
2016-Feb-04,298 
2016-Feb-05,297 
2016-Feb-08,293 
2016-Feb-09,291 
2016-Feb-10,290 
2016-Feb-11,290 
2016-Feb-12,291 
2016-Feb-15,295 
2016-Feb-16,301 
2016-Feb-17,307 
2016-Feb-18,313 
2016-Feb-19,315 
2016-Feb-20,316 
2016-Feb-23,318 
2016-Feb-24,322 
2016-Feb-25,325 
2016-Feb-26,327 
2016-Feb-29,329 
2016-Mar-01,332 
2016-Mar-02,335 
2016-Mar-03,342 
2016-Mar-04,349 
2016-Mar-07,354 
2016-Mar-08,366 
2016-Mar-09,376 
2016-Mar-10,384 
2016-Mar-11,388 
2016-Mar-14,393 
2016-Mar-15,396 
2016-Mar-16,393 
2016-Mar-17,392 
2016-Mar-18,395 
2016-Mar-21,398 
2016-Mar-22,398 
2016-Mar-23,401 
2016-Mar-24,406 
2016-Mar-29,409 
2016-Mar-30,414 
2016-Mar-31,429 
2016-Apr-01,450 
2016-Apr-04,471 
2016-Apr-05,487 
2016-Apr-06,500 
2016-Apr-07,517 
2016-Apr-08,539 
2016-Apr-11,555 
2016-Apr-12,560 
2016-Apr-13,567 
2016-Apr-14,597 
2016-Apr-15,635 
2016-Apr-18,659 
2016-Apr-19,671 
2016-Apr-20,669 
2016-Apr-21,670 
2016-Apr-22,688 
2016-Apr-25,690 
2016-Apr-26,704 
2016-Apr-27,715 
2016-Apr-28,710 
2016-Apr-29,703 
2016-May-03,682 
2016-May-04,652 
2016-May-05,642 
2016-May-06,631 
2016-May-09,616 
2016-May-10,594 
2016-May-11,579 
2016-May-12,579 
2016-May-13,600 
2016-May-16,613 
2016-May-17,643 
2016-May-18,642 
2016-May-19,634 
2016-May-20,625 
2016-May-23,624 
2016-May-24,618 
2016-May-25,605 
2016-May-26,601 
2016-May-27,606 
2016-May-31,612 
2016-Jun-01,612 
2016-Jun-02,606 
2016-Jun-03,610 
2016-Jun-06,607 
2016-Jun-07,606 
2016-Jun-08,610 
2016-Jun-09,611 
2016-Jun-10,610 
2016-Jun-13,609 
2016-Jun-14,608 
2016-Jun-15,604 
2016-Jun-16,598 
2016-Jun-17,587 
2016-Jun-20,582 
2016-Jun-21,580 
2016-Jun-22,585 
2016-Jun-23,596 
2016-Jun-24,609 
2016-Jun-27,616 
2016-Jun-28,627 
2016-Jun-29,640 
2016-Jun-30,660 
2016-Jul-01,677 
2016-Jul-04,688 
2016-Jul-05,692 
2016-Jul-06,694 
2016-Jul-07,699 
2016-Jul-08,703 
2016-Jul-11,704 
2016-Jul-12,711 
2016-Jul-13,726 
2016-Jul-14,738 
2016-Jul-15,745 
2016-Jul-18,748 
2016-Jul-19,746 
2016-Jul-20,736 
2016-Jul-21,726 
2016-Jul-22,718 
2016-Jul-25,709 
2016-Jul-26,696 
2016-Jul-27,679 
2016-Jul-28,665 
2016-Jul-29,656 
2016-Aug-01,650 
2016-Aug-02,645 
2016-Aug-03,641 
2016-Aug-04,636 
2016-Aug-05,636 
2016-Aug-08,636 
2016-Aug-09,631 
2016-Aug-10,638 
2016-Aug-11,653 
2016-Aug-12,671 
2016-Aug-15,681 
2016-Aug-16,687 
2016-Aug-17,685 
2016-Aug-18,682 
2016-Aug-19,683 
2016-Aug-22,687 
2016-Aug-23,692 
2016-Aug-24,706 
2016-Aug-25,718 
2016-Aug-26,720 
2016-Aug-30,715 
2016-Aug-31,711 
2016-Sep-01,712 
2016-Sep-02,720 
2016-Sep-05,724 
2016-Sep-06,745 
2016-Sep-07,773 
2016-Sep-08,792 
2016-Sep-09,804 
2016-Sep-12,804 
2016-Sep-13,796 
2016-Sep-14,756 
2016-Sep-15,764 
2016-Sep-16,800 
2016-Sep-19,836 
2016-Sep-20,865 
2016-Sep-21,903 
2016-Sep-22,937 
2016-Sep-23,941 
2016-Sep-26,934 
2016-Sep-27,930 
2016-Sep-28,912 
2016-Sep-29,888 
2016-Sep-30,875 
2016-Oct-03,864 
2016-Oct-04,860 
2016-Oct-05,869 
2016-Oct-06,915 
2016-Oct-07,921 
2016-Oct-10,922 
2016-Oct-11,922 
2016-Oct-12,906 
2016-Oct-13,885 
2016-Oct-14,892 
2016-Oct-17,894 
2016-Oct-18,890 
2016-Oct-19,872 
2016-Oct-20,849 
2016-Oct-21,842 
2016-Oct-24,831 
2016-Oct-25,813 
2016-Oct-26,802 
2016-Oct-27,798 
2016-Oct-28,834 
2016-Oct-31,857 
2016-Nov-01,838 
2016-Nov-02,834 
2016-Nov-03,849 
2016-Nov-04,855 
2016-Nov-07,870 
2016-Nov-08,911 
2016-Nov-09,954 
2016-Nov-10,974 
2016-Nov-11,1045 
2016-Nov-14,1065 
2016-Nov-15,1084 
2016-Nov-16,1145 
2016-Nov-17,1231 
2016-Nov-18,1257 
2016-Nov-21,1240 
2016-Nov-22,1232 
2016-Nov-23,1224 
2016-Nov-24,1201 
2016-Nov-25,1181 
2016-Nov-28,1184 
2016-Nov-29,1202 
2016-Nov-30,1204 
2016-Dec-01,1196 
2016-Dec-02,1198 
2016-Dec-05,1196 
2016-Dec-06,1186 
2016-Dec-07,1162 
2016-Dec-08,1122 
2016-Dec-09,1090 
2016-Dec-12,1069 
2016-Dec-13,1052 
2016-Dec-14,1003 
2016-Dec-15,966 
2016-Dec-16,946 
2016-Dec-19,927 
2016-Dec-20,914 
2016-Dec-21,926 
2016-Dec-22,928 
2016-Dec-23,961 
2017-Jan-03,953 
2017-Jan-04,969 
2017-Jan-05,983 
2017-Jan-06,963 
2017-Jan-09,949 
2017-Jan-10,926 
2017-Jan-11,894 
2017-Jan-12,892 
2017-Jan-13,910 
2017-Jan-16,925 
2017-Jan-17,922 
2017-Jan-18,952 
2017-Jan-19,942 
2017-Jan-20,925 
2017-Jan-23,914 
2017-Jan-24,886 
2017-Jan-25,862 
2017-Jan-26,840 
2017-Jan-27,827 
2017-Jan-30,816 
2017-Jan-31,800 
2017-Feb-01,786 
2017-Feb-02,770 
2017-Feb-03,752 
2017-Feb-06,735 
2017-Feb-07,714 
2017-Feb-08,702 
2017-Feb-09,707 
2017-Feb-10,702 
2017-Feb-13,688 
2017-Feb-14,685 
2017-Feb-15,688 
2017-Feb-16,710 
2017-Feb-17,741 
2017-Feb-20,757 
2017-Feb-21,778 
2017-Feb-22,806 
2017-Feb-23,856 
2017-Feb-24,875 
2017-Feb-27,878 
2017-Feb-28,859 
2017-Mar-01,871 
2017-Mar-02,904 
2017-Mar-03,939 
2017-Mar-06,979 
2017-Mar-07,1033 
2017-Mar-08,1045 
2017-Mar-09,1064 
2017-Mar-10,1086 
2017-Mar-13,1099 
2017-Mar-14,1112 
2017-Mar-15,1147 
2017-Mar-16,1172 
2017-Mar-17,1196 
2017-Mar-20,1205 
2017-Mar-21,1200 
2017-Mar-22,1190 
2017-Mar-23,1196 
2017-Mar-24,1240 
2017-Mar-27,1282 
2017-Mar-28,1333 
2017-Mar-29,1338 
2017-Mar-30,1324 
2017-Mar-31,1297 
2017-Apr-03,1282 
2017-Apr-04,1255 
2017-Apr-05,1223 
2017-Apr-06,1215 
2017-Apr-07,1223 
2017-Apr-10,1231 
2017-Apr-11,1262 
2017-Apr-12,1282 
2017-Apr-13,1296 
2017-Apr-18,1294 
2017-Apr-19,1278 
2017-Apr-20,1243 
2017-Apr-21,1195 
2017-Apr-24,1170 
2017-Apr-25,1154 
2017-Apr-26,1147 
2017-Apr-27,1134 
2017-Apr-28,1109 
2017-May-02,1073 
2017-May-03,1034 
2017-May-04,1004 
2017-May-05,994 
2017-May-08,1001 
2017-May-09,1007 
2017-May-10,1005 
2017-May-11,1012 
2017-May-12,1014 
2017-May-15,994 
2017-May-16,980 
2017-May-17,960 
2017-May-18,957 
2017-May-19,956 
2017-May-22,954 
2017-May-23,949 
2017-May-24,934 
2017-May-25,918 
2017-May-26,912 
2017-May-30,900 
2017-May-31,878 
2017-Jun-01,850 
2017-Jun-02,830 
2017-Jun-05,821 
2017-Jun-06,818 
2017-Jun-07,821 
2017-Jun-08,824 
2017-Jun-09,849 
2017-Jun-12,870 
2017-Jun-13,870 
2017-Jun-14,865 
2017-Jun-15,855 
2017-Jun-16,851 
2017-Jun-19,848 
2017-Jun-20,847 
2017-Jun-21,844 
2017-Jun-22,855 
2017-Jun-23,870 
2017-Jun-26,884 
2017-Jun-27,903 
2017-Jun-28,929 
2017-Jun-29,920 
2017-Jun-30,901 
2017-Jul-03,882 
2017-Jul-04,871 
2017-Jul-05,847 
2017-Jul-06,829 
2017-Jul-07,822 
2017-Jul-10,820 
2017-Jul-11,830 
2017-Jul-12,859 
2017-Jul-13,888 
2017-Jul-14,900 
2017-Jul-17,912 
2017-Jul-18,932 
2017-Jul-19,948 
2017-Jul-20,964 
2017-Jul-21,977 
2017-Jul-24,978 
2017-Jul-25,980 
2017-Jul-26,968 
2017-Jul-27,942 
2017-Jul-28,933 
2017-Jul-31,946 
2017-Aug-01,965 
2017-Aug-02,993 
2017-Aug-03,1023 
2017-Aug-04,1032 
2017-Aug-07,1036 
2017-Aug-08,1038 
2017-Aug-09,1050 
2017-Aug-10,1092 
2017-Aug-11,1138 
2017-Aug-14,1155 
2017-Aug-15,1169 
2017-Aug-16,1207 
2017-Aug-17,1247 
2017-Aug-18,1260 
2017-Aug-21,1266 
2017-Aug-22,1249 
2017-Aug-23,1222 
2017-Aug-24,1200 
2017-Aug-25,1209 
2017-Aug-29,1203 
2017-Aug-30,1181 
2017-Aug-31,1184 
2017-Sep-01,1183 
2017-Sep-04,1187 
2017-Sep-05,1215 
2017-Sep-06,1250 
2017-Sep-07,1296 
2017-Sep-08,1332 
2017-Sep-11,1355 
2017-Sep-12,1344 
2017-Sep-13,1337 
2017-Sep-14,1361 
2017-Sep-15,1385 
2017-Sep-18,1398 
2017-Sep-19,1415 
2017-Sep-20,1449 
2017-Sep-21,1470 
2017-Sep-22,1502 
2017-Sep-25,1503 
2017-Sep-26,1476 
2017-Sep-27,1429 
2017-Sep-28,1391 
2017-Sep-29,1356 
2017-Oct-02,1328 
2017-Oct-03,1308 
2017-Oct-04,1320 
2017-Oct-05,1382 
2017-Oct-06,1405 
2017-Oct-09,1411 
2017-Oct-10,1418 
2017-Oct-11,1433 
2017-Oct-12,1458 
2017-Oct-13,1485 
2017-Oct-16,1523 
2017-Oct-17,1552 
2017-Oct-18,1566 
2017-Oct-19,1582 
2017-Oct-20,1578 
2017-Oct-23,1586 
2017-Oct-24,1588 
2017-Oct-25,1573 
2017-Oct-26,1555 
2017-Oct-27,1546 
2017-Oct-30,1534 
2017-Oct-31,1522 
2017-Nov-01,1496 
2017-Nov-02,1482 
2017-Nov-03,1476 
2017-Nov-06,1473 
2017-Nov-07,1477 
2017-Nov-08,1486 
2017-Nov-09,1481 
2017-Nov-10,1464 
2017-Nov-13,1445 
2017-Nov-14,1405 
2017-Nov-15,1374 
2017-Nov-16,1361 
2017-Nov-17,1371 
2017-Nov-20,1385 
2017-Nov-21,1396 
2017-Nov-22,1413 
2017-Nov-23,1445 
2017-Nov-24,1458 
2017-Nov-27,1477 
2017-Nov-28,1506 
2017-Nov-29,1536 
2017-Nov-30,1578 
2017-Dec-01,1626 
2017-Dec-04,1662 
2017-Dec-05,1666 
2017-Dec-06,1670 
2017-Dec-07,1679 
2017-Dec-08,1702 
2017-Dec-11,1727 
2017-Dec-12,1743 
2017-Dec-13,1730 
2017-Dec-14,1668 
2017-Dec-15,1619 
2017-Dec-18,1588 
2017-Dec-19,1547 
2017-Dec-20,1476 
2017-Dec-21,1430 
2017-Dec-22,1366 
2018-Jan-02,1230 
2018-Jan-03,1262 
2018-Jan-04,1341 
2018-Jan-05,1371 
2018-Jan-08,1385 
2018-Jan-09,1395 
2018-Jan-10,1366 
2018-Jan-11,1303 
2018-Jan-12,1279 
2018-Jan-15,1264 
2018-Jan-16,1221 
2018-Jan-17,1164 
2018-Jan-18,1139 
2018-Jan-19,1125 
2018-Jan-22,1129 
2018-Jan-23,1157 
2018-Jan-24,1200 
2018-Jan-25,1217 
2018-Jan-26,1219 
2018-Jan-29,1214 
2018-Jan-30,1191 
2018-Jan-31,1152 
2018-Feb-01,1114 
2018-Feb-02,1095 
2018-Feb-05,1082 
2018-Feb-06,1095 
2018-Feb-07,1097 
2018-Feb-08,1106 
2018-Feb-09,1125 
